altitude,deltaDistance,deltaPause,deltaTime,latitude,longitude,routenum,type,user
134,0,0,,44.047745,-123.088084,21,StartPoint,alexniwebb
132,490.3712937,0,265474,44.052155,-123.0881,21,ManualPoint,alexniwebb
131,342.5969376,0,265474,44.055236,-123.088124,21,ManualPoint,alexniwebb
139,342.5969371,0,,44.058317,-123.088148,21,ManualPoint,alexniwebb
147,93.28136915,0,,44.058751,-123.089147,21,ManualPoint,alexniwebb
154,93.21249478,0,43197,44.059185,-123.090145,21,ManualPoint,alexniwebb
168,62.43850086,0,43197,44.059389,-123.090873,21,ManualPoint,alexniwebb
174,62.32351532,0,23139,44.059592,-123.0916,21,ManualPoint,alexniwebb
150,63.92726386,0,23139,44.059778,-123.092357,21,ManualPoint,alexniwebb
157,53.66908093,0,23397,44.05998,-123.092967,21,ManualPoint,alexniwebb
157,53.6689299,0,23397,44.060182,-123.093577,21,ManualPoint,alexniwebb
167,60.53558764,0,26344,44.060364,-123.094291,21,ManualPoint,alexniwebb
136,60.42299196,0,26342,44.060545,-123.095004,21,ManualPoint,alexniwebb
176,43.97141252,0,19126,44.060155,-123.094913,21,ManualPoint,alexniwebb
167,57.14353392,0,24916,44.06004,-123.09561,21,ManualPoint,alexniwebb
147,72.11479963,0,31403,44.059754,-123.09642,21,ManualPoint,alexniwebb
144,71.11995098,0,30985,44.059465,-123.097214,21,ManualPoint,alexniwebb
145,82.53841626,0,35966,44.058725,-123.097295,21,ManualPoint,alexniwebb
145,35.01169394,0,15265,44.058413,-123.097354,21,ManualPoint,alexniwebb
145,11.63585318,0,5046,44.058347,-123.097241,21,ManualPoint,alexniwebb
145,27.15787314,0,11831,44.058108,-123.097171,21,ManualPoint,alexniwebb
135,20.24165947,0,8856,44.057943,-123.097064,21,ManualPoint,alexniwebb
145,28.86120521,0,12562,44.057769,-123.096796,21,ManualPoint,alexniwebb
145,26.83045607,0,11696,44.057619,-123.096533,21,ManualPoint,alexniwebb
158,49.87731806,0,21716,44.057418,-123.095975,21,ManualPoint,alexniwebb
168,57.96687365,0,25274,44.057322,-123.095262,21,ManualPoint,alexniwebb
173,57.45501569,0,25025,44.057322,-123.094543,21,ManualPoint,alexniwebb
177,84.64721434,0,36873,44.057372,-123.093486,21,ManualPoint,alexniwebb
177,48.05460089,0,20931,44.057357,-123.092885,21,ManualPoint,alexniwebb
179,81.54327529,0,35534,44.057318,-123.091866,21,ManualPoint,alexniwebb
179,48.29728161,0,21037,44.057364,-123.091265,21,ManualPoint,alexniwebb
171,19.64345138,0,8551,44.057457,-123.091056,21,ManualPoint,alexniwebb
171,49.79680087,0,21703,44.057904,-123.091018,21,ManualPoint,alexniwebb
182,27.46805286,0,11953,44.058151,-123.091013,21,ManualPoint,alexniwebb
186,33.29938978,0,14510,44.058309,-123.091367,21,ManualPoint,alexniwebb
189,50.58976344,0,22040,44.058317,-123.092,21,ManualPoint,alexniwebb
195,72.28566905,0,31500,44.058259,-123.092901,21,ManualPoint,alexniwebb
195,17.5913487,0,7656,44.058293,-123.093116,21,ManualPoint,alexniwebb
195,31.23174307,0,13602,44.058494,-123.093389,21,ManualPoint,alexniwebb
199,68.06165485,0,29649,44.058694,-123.094194,21,ManualPoint,alexniwebb
207,63.97472496,0,27875,44.058814,-123.094977,21,ManualPoint,alexniwebb
199,40.86330792,0,17789,44.058841,-123.095487,21,ManualPoint,alexniwebb
192,21.45847428,0,9366,44.058664,-123.095594,21,ManualPoint,alexniwebb
200,34.64497319,0,15073,44.058405,-123.095353,21,ManualPoint,alexniwebb
200,56.4034136,0,24576,44.058305,-123.094661,21,ManualPoint,alexniwebb
199,60.89174492,0,26520,44.058301,-123.093899,21,ManualPoint,alexniwebb
195,59.75617029,0,26046,44.058128,-123.093191,21,ManualPoint,alexniwebb
195,27.96798381,0,12174,44.058147,-123.092842,21,ManualPoint,alexniwebb
189,61.01451977,0,26596,44.058224,-123.092086,21,ManualPoint,alexniwebb
186,33.00143999,0,14368,44.058178,-123.091678,21,ManualPoint,alexniwebb
186,22.97723574,0,10009,44.058228,-123.091399,21,ManualPoint,alexniwebb
186,20.76434081,0,9036,44.05817,-123.091152,21,ManualPoint,alexniwebb
182,18.05391984,0,7855,44.058027,-123.091045,21,ManualPoint,alexniwebb
171,50.59929998,0,22087,44.057573,-123.091002,21,ManualPoint,alexniwebb
179,28.03409878,0,12194,44.057349,-123.091163,21,ManualPoint,alexniwebb
179,45.6386622,0,19895,44.05728,-123.091726,21,ManualPoint,alexniwebb
177,86.28702354,0,37568,44.05731,-123.092805,21,ManualPoint,alexniwebb
177,49.82316555,0,21715,44.057341,-123.093427,21,ManualPoint,alexniwebb
150,60.19058138,0,26224,44.05701,-123.092831,21,ManualPoint,alexniwebb
159,61.71274848,0,26899,44.056771,-123.092134,21,ManualPoint,alexniwebb
160,76.14095281,0,33174,44.056678,-123.09119,21,ManualPoint,alexniwebb
151,67.80455297,0,29536,44.056524,-123.090369,21,ManualPoint,alexniwebb
142,87.42683238,0,38102,44.056516,-123.089275,21,ManualPoint,alexniwebb
138,91.33793718,0,39780,44.056516,-123.088132,21,ManualPoint,alexniwebb
131,143.5526503,0,62567,44.055225,-123.088132,21,ManualPoint,alexniwebb
131,163.7924858,0,71348,44.053752,-123.088143,21,ManualPoint,alexniwebb
132,125.2120162,0,54541,44.052626,-123.088127,21,ManualPoint,alexniwebb
134,127.0960273,0,55380,44.051483,-123.088124,21,ManualPoint,alexniwebb
134,134.5460749,0,58605,44.050273,-123.088127,21,ManualPoint,alexniwebb
133,134.4348801,0,58605,44.049064,-123.08813,21,ManualPoint,alexniwebb
134,75.94680773,0,33061,44.048381,-123.088126,21,ManualPoint,alexniwebb
134,75.83561381,0,33094,44.047699,-123.088122,21,EndPoint,alexniwebb
130,0,0,,44.047761,-123.098832,22,StartPoint,Amondstien
130,0.002,0,672,44.04776,-123.09881,22,TripPoint,Amondstien
131,0.126,0,42397,44.04663,-123.09884,22,TripPoint,Amondstien
131,0,0,,44.04663,-123.09884,22,TripPoint,Amondstien
131,0.076,0,25572,44.04662,-123.09789,22,ManualPoint,Amondstien
131,0,0,,44.04662,-123.09789,22,TripPoint,Amondstien
132,0.34,0,114404,44.04659,-123.09363,22,TripPoint,Amondstien
136,0.022,0,7402,44.04667,-123.09338,22,TripPoint,Amondstien
133,0.129,0,43406,44.04667,-123.09177,22,TripPoint,Amondstien
133,0.169,0,56865,44.0466,-123.08966,22,TripPoint,Amondstien
134,0.484,0,162858,44.04659,-123.08361,22,TripPoint,Amondstien
134,0,0,,44.04659,-123.08361,22,TripPoint,Amondstien
134,0.01,0,3364,44.04668,-123.0836,22,ManualPoint,Amondstien
134,0,0,,44.04668,-123.0836,22,TripPoint,Amondstien
135,0.114,0,38359,44.0477,-123.08354,22,TripPoint,Amondstien
135,0,0,,44.0477,-123.08354,22,TripPoint,Amondstien
142,0.582,0,195834,44.04768,-123.07626,22,ManualPoint,Amondstien
142,0,0,,44.04768,-123.07626,22,TripPoint,Amondstien
141,0.041,0,13795,44.04766,-123.07575,22,TripPoint,Amondstien
141,0,0,,44.04766,-123.07575,22,TripPoint,Amondstien
142,0.214,0,72007,44.04713,-123.07317,22,ManualPoint,Amondstien
142,0,0,,44.04713,-123.07317,22,TripPoint,Amondstien
142,0.006,0,2018,44.04712,-123.0731,22,TripPoint,Amondstien
142,0,0,,44.04712,-123.0731,22,TripPoint,Amondstien
135,0.027,0,9085,44.04735,-123.07301,22,TripPoint,Amondstien
134,0.029,0,9758,44.04743,-123.07266,22,TripPoint,Amondstien
134,0.007,0,2355,44.04749,-123.07262,22,TripPoint,Amondstien
132,0.111,0,37349,44.04849,-123.0726,22,TripPoint,Amondstien
132,0,0,,44.04849,-123.0726,22,TripPoint,Amondstien
134,0.096,0,32302,44.04852,-123.0714,22,TripPoint,Amondstien
134,0,0,,44.04852,-123.0714,22,TripPoint,Amondstien
131,0.081,0,27255,44.04925,-123.07137,22,ManualPoint,Amondstien
131,0.001,0,336,44.04925,-123.07136,22,TripPoint,Amondstien
127,0.071,0,23890,44.04989,-123.07132,22,TripPoint,Amondstien
127,0.021,0,7066,44.05007,-123.0714,22,TripPoint,Amondstien
127,0,0,,44.05007,-123.0714,22,TripPoint,Amondstien
127,0.019,0,6393,44.05006,-123.07164,22,TripPoint,Amondstien
127,0.016,0,5383,44.05014,-123.07181,22,TripPoint,Amondstien
127,0.026,0,8748,44.05037,-123.07188,22,TripPoint,Amondstien
134,0.269,0,90514,44.05267,-123.07083,22,TripPoint,Amondstien
134,0.019,0,6393,44.05281,-123.0707,22,TripPoint,Amondstien
134,0.008,0,2691,44.05279,-123.0706,22,TripPoint,Amondstien
134,0,0,,44.05279,-123.0706,22,TripPoint,Amondstien
134,0.027,0,9085,44.05257,-123.07047,22,ManualPoint,Amondstien
134,0,0,,44.05257,-123.07047,22,TripPoint,Amondstien
134,0.009,0,3028,44.05254,-123.07037,22,TripPoint,Amondstien
134,0.016,0,5383,44.05259,-123.07018,22,TripPoint,Amondstien
134,0.014,0,4710,44.05257,-123.07001,22,TripPoint,Amondstien
134,0.02,0,6729,44.05245,-123.06982,22,TripPoint,Amondstien
134,0.037,0,12449,44.0523,-123.0694,22,TripPoint,Amondstien
134,0.019,0,6393,44.05218,-123.06923,22,TripPoint,Amondstien
134,0.023,0,7739,44.05215,-123.06895,22,TripPoint,Amondstien
134,0.07,0,23553,44.05185,-123.06818,22,TripPoint,Amondstien
134,0.019,0,6393,44.05182,-123.06794,22,TripPoint,Amondstien
133,0.017,0,5720,44.05186,-123.06774,22,TripPoint,Amondstien
133,0.017,0,5720,44.0518,-123.06755,22,ManualPoint,Amondstien
133,0,0,,44.0518,-123.06755,22,TripPoint,Amondstien
133,0.298,0,100272,44.0505,-123.06429,22,TripPoint,Amondstien
130,0.078,0,26245,44.0503,-123.06336,22,TripPoint,Amondstien
128,0.047,0,15814,44.05027,-123.06277,22,TripPoint,Amondstien
128,0.034,0,11440,44.05031,-123.06235,22,TripPoint,Amondstien
128,0.015,0,5047,44.05041,-123.06222,22,TripPoint,Amondstien
128,0,0,,44.05041,-123.06222,22,TripPoint,Amondstien
130,0.021,0,7066,44.0506,-123.06218,22,TripPoint,Amondstien
130,0.024,0,8075,44.05081,-123.06222,22,TripPoint,Amondstien
130,0.059,0,19852,44.05134,-123.06221,22,ManualPoint,Amondstien
131,0.199,0,66960,44.051393,-123.064693,22,ManualPoint,Amondstien
131,0.013,0,4374,44.051447,-123.064833,22,ManualPoint,Amondstien
131,0.019,0,6393,44.051586,-123.064972,22,ManualPoint,Amondstien
131,0.032,0,10767,44.051871,-123.065015,22,ManualPoint,Amondstien
131,0.014,0,4710,44.051971,-123.065122,22,ManualPoint,Amondstien
132,0.11,0,37013,44.05268,-123.066088,22,ManualPoint,Amondstien
133,0.033,0,11104,44.052889,-123.066388,22,ManualPoint,Amondstien
131,0.052,0,17497,44.05322,-123.06685,22,ManualPoint,Amondstien
131,0.037,0,12449,44.053421,-123.067215,22,ManualPoint,Amondstien
131,0.085,0,28601,44.054153,-123.067536,22,ManualPoint,Amondstien
131,0.037,0,12449,44.054415,-123.067815,22,ManualPoint,Amondstien
131,0.034,0,11440,44.054631,-123.068116,22,ManualPoint,Amondstien
131,0.033,0,11104,44.054801,-123.068448,22,ManualPoint,Amondstien
132,0.053,0,17833,44.055017,-123.069038,22,ManualPoint,Amondstien
132,0,0,,44.05502,-123.06904,22,TripPoint,Amondstien
131,0.084,0,28264,44.05524,-123.07004,22,TripPoint,Amondstien
131,0,0,,44.05524,-123.07004,22,TripPoint,Amondstien
131,0.027,0,9085,44.055,-123.07,22,TripPoint,Amondstien
134,0.072,0,24226,44.05441,-123.06964,22,TripPoint,Amondstien
136,0.074,0,24899,44.05376,-123.06943,22,TripPoint,Amondstien
136,0.076,0,25572,44.05313,-123.06981,22,TripPoint,Amondstien
136,0.008,0,2691,44.05309,-123.0699,22,ManualPoint,Amondstien
136,0,0,,44.05309,-123.0699,22,TripPoint,Amondstien
134,0.08,0,26918,44.05275,-123.07078,22,TripPoint,Amondstien
127,0.259,0,87149,44.05054,-123.07182,22,TripPoint,Amondstien
127,0.02,0,6729,44.05037,-123.07188,22,TripPoint,Amondstien
127,0.017,0,5720,44.05022,-123.07186,22,ManualPoint,Amondstien
127,0,0,,44.05022,-123.07186,22,TripPoint,Amondstien
127,0.01,0,3364,44.05014,-123.07181,22,TripPoint,Amondstien
127,0.016,0,5383,44.05006,-123.07164,22,TripPoint,Amondstien
127,0.019,0,6393,44.05007,-123.0714,22,TripPoint,Amondstien
127,0,0,,44.05007,-123.0714,22,TripPoint,Amondstien
127,0.021,0,7066,44.04989,-123.07132,22,TripPoint,Amondstien
127,0.029,0,9758,44.04963,-123.07131,22,TripPoint,Amondstien
131,0.059,0,19852,44.0491,-123.0714,22,TripPoint,Amondstien
134,0.064,0,21535,44.04852,-123.0714,22,TripPoint,Amondstien
134,0,0,,44.04852,-123.0714,22,TripPoint,Amondstien
132,0.096,0,32302,44.04849,-123.0726,22,TripPoint,Amondstien
132,0,0,,44.04849,-123.0726,22,TripPoint,Amondstien
134,0.111,0,37349,44.04749,-123.07262,22,TripPoint,Amondstien
134,0.007,0,2355,44.04743,-123.07266,22,TripPoint,Amondstien
135,0.029,0,9758,44.04735,-123.07301,22,ManualPoint,Amondstien
135,0,0,,44.04735,-123.07301,22,TripPoint,Amondstien
135,0.012,0,4037,44.04725,-123.07305,22,TripPoint,Amondstien
135,0,0,,44.04725,-123.07305,22,TripPoint,Amondstien
141,0.239,0,80419,44.04786,-123.07592,22,TripPoint,Amondstien
141,0,0,,44.04786,-123.07592,22,TripPoint,Amondstien
142,0.068,0,22880,44.04771,-123.07674,22,TripPoint,Amondstien
134,0.274,0,92196,44.04767,-123.08017,22,TripPoint,Amondstien
135,0.269,0,90514,44.0477,-123.08354,22,ManualPoint,Amondstien
135,0,0,,44.0477,-123.08354,22,TripPoint,Amondstien
134,0.124,0,41724,44.04659,-123.08361,22,TripPoint,Amondstien
134,0,0,,44.04659,-123.08361,22,TripPoint,Amondstien
134,0.006,0,2018,44.04659,-123.08354,22,ManualPoint,Amondstien
134,0,0,,44.04659,-123.08354,22,TripPoint,Amondstien
133,0.489,0,164541,44.0466,-123.08966,22,TripPoint,Amondstien
133,0.169,0,56865,44.04667,-123.09177,22,TripPoint,Amondstien
136,0.129,0,43406,44.04667,-123.09338,22,TripPoint,Amondstien
132,0.022,0,7402,44.04659,-123.09363,22,TripPoint,Amondstien
131,0.411,0,138295,44.04663,-123.09877,22,ManualPoint,Amondstien
131,0,0,,44.04663,-123.09877,22,TripPoint,Amondstien
131,0.006,0,2018,44.04663,-123.09884,22,TripPoint,Amondstien
131,0,0,,44.04663,-123.09884,22,TripPoint,Amondstien
130,0.118,0,39705,44.04769,-123.09881,22,TripPoint,Amondstien
130,0,0,,44.04769,-123.09881,22,TripPoint,Amondstien
130,0.005,0,1734,44.04769,-123.09875,22,EndPoint,Amondstien
130,0,0,,44.047748,-123.098854,24,StartPoint,Amondstien
131,0.107,0,41535,44.04679,-123.09884,24,ManualPoint,Amondstien
131,0,0,,44.04679,-123.09884,24,TripPoint,Amondstien
131,0.018,0,6987,44.04663,-123.09884,24,TripPoint,Amondstien
131,0,0,,44.04663,-123.09884,24,TripPoint,Amondstien
132,0.416,0,161484,44.04659,-123.09363,24,TripPoint,Amondstien
136,0.022,0,8540,44.04667,-123.09338,24,TripPoint,Amondstien
133,0.129,0,50075,44.04667,-123.09177,24,TripPoint,Amondstien
133,0.169,0,65603,44.0466,-123.08966,24,TripPoint,Amondstien
134,0.49,0,190209,44.04659,-123.08353,24,ManualPoint,Amondstien
134,0,0,,44.04659,-123.08353,24,TripPoint,Amondstien
138,0.114,0,44252,44.04658,-123.0821,24,TripPoint,Amondstien
138,0,0,,44.04658,-123.0821,24,TripPoint,Amondstien
134,0.122,0,47358,44.04768,-123.08209,24,TripPoint,Amondstien
134,0,0,,44.04768,-123.08209,24,TripPoint,Amondstien
137,0.372,0,144404,44.04771,-123.07744,24,ManualPoint,Amondstien
137,0,0,,44.04771,-123.07744,24,TripPoint,Amondstien
141,0.135,0,52404,44.04766,-123.07575,24,ManualPoint,Amondstien
142,0.209,0,81130,44.047054,-123.073268,24,ManualPoint,Amondstien
142,0.014,0,5434,44.047046,-123.073097,24,ManualPoint,Amondstien
135,0.033,0,12810,44.047335,-123.073005,24,ManualPoint,Amondstien
135,0.001,0,388,44.04734,-123.07301,24,TripPoint,Amondstien
134,0.03,0,11645,44.04743,-123.07266,24,TripPoint,Amondstien
134,0.007,0,2717,44.04749,-123.07262,24,TripPoint,Amondstien
132,0.111,0,43088,44.04849,-123.0726,24,ManualPoint,Amondstien
132,0,0,,44.04849,-123.0726,24,TripPoint,Amondstien
131,0.05,0,19409,44.04894,-123.07262,24,TripPoint,Amondstien
131,0.007,0,2717,44.04899,-123.07257,24,TripPoint,Amondstien
131,0.012,0,4658,44.049,-123.07242,24,ManualPoint,Amondstien
131,0,0,,44.049,-123.07242,24,TripPoint,Amondstien
131,0.083,0,32219,44.04897,-123.07138,24,TripPoint,Amondstien
131,0,0,,44.04897,-123.07138,24,TripPoint,Amondstien
131,0.015,0,5822,44.0491,-123.0714,24,TripPoint,Amondstien
127,0.059,0,22902,44.04963,-123.07131,24,TripPoint,Amondstien
127,0.029,0,11257,44.04989,-123.07132,24,TripPoint,Amondstien
127,0.014,0,5434,44.05001,-123.07138,24,ManualPoint,Amondstien
127,0.025,0,9704,44.050092,-123.071675,24,ManualPoint,Amondstien
127,0.002,0,776,44.05008,-123.07169,24,TripPoint,Amondstien
127,0.012,0,4658,44.05014,-123.07181,24,TripPoint,Amondstien
127,0.017,0,6599,44.05028,-123.07188,24,TripPoint,Amondstien
127,0.029,0,11257,44.05054,-123.07182,24,TripPoint,Amondstien
127,0.022,0,8540,44.05072,-123.07171,24,ManualPoint,Amondstien
127,0,0,,44.05072,-123.07171,24,TripPoint,Amondstien
134,0.228,0,88505,44.05267,-123.07083,24,TripPoint,Amondstien
134,0.019,0,7375,44.05281,-123.0707,24,TripPoint,Amondstien
134,0.008,0,3105,44.05279,-123.0706,24,TripPoint,Amondstien
134,0,0,,44.05279,-123.0706,24,TripPoint,Amondstien
134,0.019,0,7375,44.05263,-123.07052,24,ManualPoint,Amondstien
134,0,0,,44.05263,-123.07052,24,TripPoint,Amondstien
134,0.016,0,6210,44.05254,-123.07037,24,TripPoint,Amondstien
134,0.016,0,6210,44.05259,-123.07018,24,TripPoint,Amondstien
134,0.014,0,5434,44.05257,-123.07001,24,TripPoint,Amondstien
134,0.02,0,7763,44.05245,-123.06982,24,TripPoint,Amondstien
134,0.037,0,14362,44.0523,-123.0694,24,TripPoint,Amondstien
134,0.019,0,7375,44.05218,-123.06923,24,TripPoint,Amondstien
134,0.023,0,8928,44.05215,-123.06895,24,TripPoint,Amondstien
134,0.026,0,10092,44.05205,-123.06866,24,ManualPoint,Amondstien
134,0,0,,44.05205,-123.06866,24,TripPoint,Amondstien
134,0.044,0,17080,44.05185,-123.06818,24,TripPoint,Amondstien
134,0.019,0,7375,44.05182,-123.06794,24,TripPoint,Amondstien
133,0.017,0,6599,44.05186,-123.06774,24,TripPoint,Amondstien
133,0.063,0,24455,44.05162,-123.06703,24,ManualPoint,Amondstien
133,0,0,,44.05162,-123.06703,24,TripPoint,Amondstien
133,0.252,0,97822,44.0505,-123.06429,24,TripPoint,Amondstien
130,0.078,0,30278,44.0503,-123.06336,24,TripPoint,Amondstien
128,0.047,0,18244,44.05027,-123.06277,24,TripPoint,Amondstien
128,0.034,0,13198,44.05031,-123.06235,24,TripPoint,Amondstien
128,0.015,0,5822,44.05041,-123.06222,24,TripPoint,Amondstien
128,0,0,,44.05041,-123.06222,24,TripPoint,Amondstien
130,0.021,0,8151,44.0506,-123.06218,24,TripPoint,Amondstien
130,0.024,0,9316,44.05081,-123.06222,24,ManualPoint,Amondstien
130,0,0,,44.05081,-123.06222,24,TripPoint,Amondstien
130,0.053,0,20573,44.05129,-123.06221,24,ManualPoint,Amondstien
130,0.023,0,8928,44.051353,-123.062486,24,ManualPoint,Amondstien
131,0.172,0,66767,44.051372,-123.064642,24,ManualPoint,Amondstien
131,0.022,0,8540,44.051438,-123.064897,24,ManualPoint,Amondstien
131,0.035,0,13586,44.05175,-123.06497,24,ManualPoint,Amondstien
132,0.102,0,39594,44.052459,-123.06578,24,ManualPoint,Amondstien
133,0.056,0,21738,44.052837,-123.066252,24,ManualPoint,Amondstien
131,0.053,0,20573,44.053161,-123.066745,24,ManualPoint,Amondstien
131,0.045,0,17468,44.053454,-123.067131,24,ManualPoint,Amondstien
131,0.047,0,18244,44.053855,-123.06733,24,ManualPoint,Amondstien
131,0.064,0,24843,44.054364,-123.067695,24,ManualPoint,Amondstien
131,0.056,0,21738,44.054719,-123.068188,24,ManualPoint,Amondstien
132,0.068,0,26396,44.055046,-123.068907,24,ManualPoint,Amondstien
131,0.092,0,35712,44.055231,-123.070028,24,ManualPoint,Amondstien
131,0.001,0,388,44.05524,-123.07004,24,TripPoint,Amondstien
131,0.027,0,10480,44.055,-123.07,24,TripPoint,Amondstien
134,0.061,0,23679,44.0545,-123.06969,24,ManualPoint,Amondstien
134,0,0,,44.0545,-123.06969,24,TripPoint,Amondstien
136,0.085,0,32995,44.05376,-123.06943,24,TripPoint,Amondstien
136,0.076,0,29501,44.05313,-123.06981,24,TripPoint,Amondstien
134,0.062,0,24067,44.05284,-123.07047,24,ManualPoint,Amondstien
134,0,0,,44.05284,-123.07047,24,TripPoint,Amondstien
134,0.012,0,4658,44.05279,-123.0706,24,TripPoint,Amondstien
134,0.008,0,3105,44.05281,-123.0707,24,TripPoint,Amondstien
134,0.019,0,7375,44.05267,-123.07083,24,TripPoint,Amondstien
127,0.25,0,97045,44.05054,-123.07182,24,TripPoint,Amondstien
127,0.02,0,7763,44.05037,-123.07188,24,TripPoint,Amondstien
127,0.025,0,9704,44.05015,-123.07182,24,ManualPoint,Amondstien
127,0,0,,44.05015,-123.07182,24,TripPoint,Amondstien
127,0.018,0,6987,44.05006,-123.07164,24,TripPoint,Amondstien
127,0.019,0,7375,44.05007,-123.0714,24,TripPoint,Amondstien
127,0,0,,44.05007,-123.0714,24,TripPoint,Amondstien
127,0.018,0,6987,44.04992,-123.07133,24,ManualPoint,Amondstien
127,0,0,,44.04992,-123.07133,24,TripPoint,Amondstien
127,0.032,0,12421,44.04963,-123.07131,24,TripPoint,Amondstien
131,0.059,0,22902,44.0491,-123.0714,24,TripPoint,Amondstien
131,0.015,0,5822,44.04897,-123.07138,24,TripPoint,Amondstien
131,0,0,,44.04897,-123.07138,24,TripPoint,Amondstien
131,0.064,0,24843,44.04899,-123.07218,24,ManualPoint,Amondstien
131,0,0,,44.04899,-123.07218,24,TripPoint,Amondstien
131,0.028,0,10869,44.049,-123.07253,24,TripPoint,Amondstien
131,0.01,0,3881,44.04894,-123.07262,24,TripPoint,Amondstien
134,0.161,0,62497,44.04749,-123.07262,24,TripPoint,Amondstien
134,0.007,0,2717,44.04743,-123.07266,24,TripPoint,Amondstien
135,0.021,0,8151,44.04739,-123.07292,24,ManualPoint,Amondstien
135,0,0,,44.04739,-123.07292,24,TripPoint,Amondstien
135,0.008,0,3105,44.04735,-123.07301,24,TripPoint,Amondstien
142,0.039,0,15139,44.04701,-123.07311,24,TripPoint,Amondstien
142,0.009,0,3493,44.04694,-123.07317,24,TripPoint,Amondstien
142,0.014,0,5434,44.0469,-123.07333,24,TripPoint,Amondstien
142,0.01,0,3881,44.04681,-123.07335,24,ManualPoint,Amondstien
142,0,0,,44.04681,-123.07335,24,TripPoint,Amondstien
142,0.042,0,16303,44.04644,-123.07324,24,TripPoint,Amondstien
142,0.02,0,7763,44.04626,-123.07328,24,TripPoint,Amondstien
141,0.016,0,6210,44.04612,-123.07323,24,TripPoint,Amondstien
141,0.021,0,8151,44.04594,-123.07331,24,TripPoint,Amondstien
141,0.012,0,4658,44.04583,-123.07328,24,TripPoint,Amondstien
141,0.038,0,14750,44.04549,-123.07332,24,TripPoint,Amondstien
141,0,0,,44.04549,-123.07332,24,TripPoint,Amondstien
139,0.089,0,34548,44.04549,-123.07443,24,ManualPoint,Amondstien
139,0,0,,44.04549,-123.07443,24,TripPoint,Amondstien
135,0.614,0,238344,44.04553,-123.08211,24,ManualPoint,Amondstien
135,0,0,,44.04553,-123.08211,24,TripPoint,Amondstien
138,0.117,0,45417,44.04658,-123.0821,24,TripPoint,Amondstien
138,0,0,,44.04658,-123.0821,24,TripPoint,Amondstien
138,0.046,0,17856,44.04658,-123.08268,24,ManualPoint,Amondstien
138,0,0,,44.04658,-123.08268,24,TripPoint,Amondstien
133,0.558,0,216606,44.0466,-123.08966,24,TripPoint,Amondstien
133,0.169,0,65603,44.04667,-123.09177,24,TripPoint,Amondstien
136,0.129,0,50075,44.04667,-123.09338,24,TripPoint,Amondstien
132,0.022,0,8540,44.04659,-123.09363,24,TripPoint,Amondstien
131,0.171,0,66379,44.04663,-123.09577,24,TripPoint,Amondstien
131,0,0,,44.04663,-123.09577,24,TripPoint,Amondstien
131,0.003,0,1164,44.04666,-123.09577,24,ManualPoint,Amondstien
131,0,0,,44.04666,-123.09577,24,TripPoint,Amondstien
131,0.003,0,1164,44.04663,-123.09577,24,TripPoint,Amondstien
131,0,0,,44.04663,-123.09577,24,TripPoint,Amondstien
130,0.122,0,47416,44.04662,-123.0973,24,EndPoint,Amondstien
131,0,0,,44.054319,-123.08804,25,StartPoint,vlalberts
134,0.127,0,,44.05546,-123.088083,25,ManualPoint,vlalberts
140,0.248,0,,44.055645,-123.091173,25,ManualPoint,vlalberts
137,0.184,0,,44.055923,-123.093448,25,ManualPoint,vlalberts
134,0.216,0,,44.056509,-123.096023,25,ManualPoint,vlalberts
130,0.106,0,,44.056509,-123.097353,25,ManualPoint,vlalberts
145,0.213,0,,44.058421,-123.097439,25,ManualPoint,vlalberts
145,0.086,0,,44.057804,-123.096795,25,ManualPoint,vlalberts
168,0.127,0,,44.057342,-123.095336,25,ManualPoint,vlalberts
173,0.137,0,,44.057373,-123.093619,25,ManualPoint,vlalberts
159,0.092,0,,44.056941,-123.092632,25,ManualPoint,vlalberts
160,0.106,0,,44.056601,-123.091388,25,ManualPoint,vlalberts
151,0.081,0,,44.056941,-123.090486,25,ManualPoint,vlalberts
147,0.065,0,,44.056972,-123.089671,25,ManualPoint,vlalberts
157,0.069,0,,44.057588,-123.089671,25,ManualPoint,vlalberts
147,0.072,0,,44.05765,-123.08877,25,ManualPoint,vlalberts
141,0.058,0,,44.057619,-123.08804,25,ManualPoint,vlalberts
139,0.079,0,,44.058329,-123.087997,25,ManualPoint,vlalberts
147,0.067,0,,44.058668,-123.088684,25,ManualPoint,vlalberts
154,0.105,0,,44.059161,-123.0898,25,ManualPoint,vlalberts
154,0.049,0,,44.059408,-123.090315,25,ManualPoint,vlalberts
140,0.08,0,,44.059531,-123.089328,25,ManualPoint,vlalberts
136,0.084,0,,44.059192,-123.088384,25,ManualPoint,vlalberts
133,0.074,0,,44.058884,-123.087568,25,ManualPoint,vlalberts
138,0.068,0,,44.058575,-123.086839,25,ManualPoint,vlalberts
137,0.087,0,,44.05802,-123.086066,25,ManualPoint,vlalberts
135,0.073,0,,44.057804,-123.085208,25,ManualPoint,vlalberts
135,0.063,0,,44.057249,-123.085036,25,ManualPoint,vlalberts
135,0.074,0,,44.057619,-123.085809,25,ManualPoint,vlalberts
134,0.058,0,,44.057588,-123.086538,25,ManualPoint,vlalberts
134,0.055,0,,44.057095,-123.086581,25,ManualPoint,vlalberts
134,0.082,0,,44.056355,-123.086581,25,ManualPoint,vlalberts
129,0.106,0,,44.055399,-123.086581,25,ManualPoint,vlalberts
131,0.089,0,,44.05546,-123.087697,25,ManualPoint,vlalberts
134,0.154,0,,44.05543,-123.089628,25,ManualPoint,vlalberts
134,0.117,0,,44.054381,-123.089714,25,ManualPoint,vlalberts
131,0.086,0,,44.054381,-123.088641,25,EndPoint,vlalberts
125,0,0,,44.065203,-123.103842,26,StartPoint,Tmarie
126,0.054,0,,44.064995,-123.103231,26,ManualPoint,Tmarie
126,0.074,0,,44.064702,-123.102404,26,ManualPoint,Tmarie
128,0.05,0,,44.064556,-123.101814,26,ManualPoint,Tmarie
128,0.019,0,,44.064494,-123.101589,26,ManualPoint,Tmarie
128,0.036,0,,44.064363,-123.101171,26,ManualPoint,Tmarie
128,0.026,0,,44.064371,-123.100849,26,ManualPoint,Tmarie
128,0.056,0,,44.064186,-123.100194,26,ManualPoint,Tmarie
128,0.053,0,,44.064032,-123.099561,26,ManualPoint,Tmarie
126,0.039,0,,44.063847,-123.099154,26,ManualPoint,Tmarie
122,0.067,0,,44.063569,-123.098413,26,ManualPoint,Tmarie
120,0.069,0,,44.063453,-123.097566,26,ManualPoint,Tmarie
125,0.05,0,,44.063407,-123.096943,26,ManualPoint,Tmarie
125,0.039,0,,44.063361,-123.096461,26,ManualPoint,Tmarie
126,0.082,0,,44.063099,-123.095506,26,ManualPoint,Tmarie
127,0.101,0,,44.062744,-123.094336,26,ManualPoint,Tmarie
127,0.059,0,,44.062567,-123.093639,26,ManualPoint,Tmarie
128,0.072,0,,44.062382,-123.09277,26,ManualPoint,Tmarie
127,0.065,0,,44.062274,-123.091965,26,ManualPoint,Tmarie
127,0.073,0,,44.062027,-123.091118,26,ManualPoint,Tmarie
128,0.076,0,,44.061796,-123.090227,26,ManualPoint,Tmarie
127,0.09,0,,44.06148,-123.089187,26,ManualPoint,Tmarie
127,0.049,0,,44.061279,-123.088639,26,ManualPoint,Tmarie
131,0.049,0,,44.061087,-123.088092,26,ManualPoint,Tmarie
129,0.031,0,,44.060925,-123.087781,26,ManualPoint,Tmarie
129,0.06,0,,44.060524,-123.087288,26,ManualPoint,Tmarie
130,0.036,0,,44.060323,-123.086933,26,ManualPoint,Tmarie
130,0.053,0,,44.060123,-123.086333,26,ManualPoint,Tmarie
129,0.06,0,,44.059784,-123.085743,26,ManualPoint,Tmarie
127,0.065,0,,44.059437,-123.085088,26,ManualPoint,Tmarie
127,0.037,0,,44.059252,-123.084702,26,ManualPoint,Tmarie
127,0.018,0,,44.059121,-123.084573,26,ManualPoint,Tmarie
127,0.046,0,,44.058789,-123.08423,26,ManualPoint,Tmarie
127,0.041,0,,44.058512,-123.083897,26,ManualPoint,Tmarie
128,0.045,0,,44.058249,-123.083468,26,ManualPoint,Tmarie
128,0.018,0,,44.058095,-123.083404,26,ManualPoint,Tmarie
129,0.037,0,,44.057787,-123.083221,26,ManualPoint,Tmarie
129,0.025,0,,44.057571,-123.083114,26,ManualPoint,Tmarie
129,0.034,0,,44.057278,-123.082985,26,ManualPoint,Tmarie
129,0.017,0,,44.057155,-123.082867,26,ManualPoint,Tmarie
127,0.016,0,,44.057039,-123.082749,26,ManualPoint,Tmarie
124,0.022,0,,44.056846,-123.082814,26,ManualPoint,Tmarie
124,0.02,0,,44.056738,-123.083007,26,ManualPoint,Tmarie
124,0.033,0,,44.056445,-123.083028,26,ManualPoint,Tmarie
127,0.066,0,,44.055851,-123.083007,26,ManualPoint,Tmarie
128,0.057,0,,44.055343,-123.082953,26,ManualPoint,Tmarie
125,0.072,0,,44.054733,-123.082642,26,ManualPoint,Tmarie
127,0.05,0,,44.054348,-123.082331,26,ManualPoint,Tmarie
127,0.04,0,,44.054093,-123.081977,26,ManualPoint,Tmarie
128,0.047,0,,44.053847,-123.081505,26,ManualPoint,Tmarie
130,0.036,0,,44.0537,-123.081097,26,ManualPoint,Tmarie
130,0.027,0,,44.053646,-123.080764,26,ManualPoint,Tmarie
133,0.065,0,,44.053585,-123.07996,26,ManualPoint,Tmarie
133,0.031,0,,44.053492,-123.079595,26,ManualPoint,Tmarie
128,0.062,0,,44.053245,-123.078898,26,ManualPoint,Tmarie
127,0.045,0,,44.053014,-123.078436,26,ManualPoint,Tmarie
127,0.031,0,,44.052867,-123.078104,26,ManualPoint,Tmarie
126,0.02,0,,44.052829,-123.077857,26,ManualPoint,Tmarie
126,0.015,0,,44.052752,-123.077696,26,ManualPoint,Tmarie
126,0.02,0,,44.052598,-123.077578,26,ManualPoint,Tmarie
126,0.021,0,,44.05252,-123.077342,26,ManualPoint,Tmarie
126,0.022,0,,44.05242,-123.077106,26,ManualPoint,Tmarie
124,0.02,0,,44.052459,-123.076859,26,ManualPoint,Tmarie
124,0.021,0,,44.052528,-123.076612,26,ManualPoint,Tmarie
124,0.029,0,,44.052513,-123.076248,26,ManualPoint,Tmarie
126,0.019,0,,44.052567,-123.076022,26,ManualPoint,Tmarie
126,0.021,0,,44.052659,-123.075797,26,ManualPoint,Tmarie
126,0.021,0,,44.052652,-123.075529,26,ManualPoint,Tmarie
128,0.025,0,,44.052767,-123.07526,26,ManualPoint,Tmarie
128,0.023,0,,44.052798,-123.074971,26,ManualPoint,Tmarie
128,0.021,0,,44.052798,-123.074703,26,ManualPoint,Tmarie
127,0.042,0,,44.052821,-123.074177,26,ManualPoint,Tmarie
127,0.048,0,,44.05279,-123.073576,26,ManualPoint,Tmarie
127,0.031,0,,44.052821,-123.07319,26,ManualPoint,Tmarie
127,0.021,0,,44.052867,-123.072932,26,ManualPoint,Tmarie
131,0.025,0,,44.05279,-123.072632,26,ManualPoint,Tmarie
131,0.022,0,,44.052852,-123.072374,26,ManualPoint,Tmarie
131,0.022,0,,44.052875,-123.072095,26,ManualPoint,Tmarie
134,0.016,0,,44.052806,-123.071924,26,ManualPoint,Tmarie
134,0.02,0,,44.052659,-123.071774,26,ManualPoint,Tmarie
134,0.028,0,,44.052528,-123.071473,26,ManualPoint,Tmarie
134,0.03,0,,44.052451,-123.071119,26,ManualPoint,Tmarie
134,0.016,0,,44.052405,-123.070926,26,ManualPoint,Tmarie
134,0.012,0,,44.052436,-123.070776,26,ManualPoint,Tmarie
134,0.017,0,,44.052536,-123.070615,26,ManualPoint,Tmarie
134,0.012,0,,44.052621,-123.070529,26,ManualPoint,Tmarie
134,0.017,0,,44.052536,-123.070347,26,ManualPoint,Tmarie
134,0.014,0,,44.052582,-123.070186,26,ManualPoint,Tmarie
134,0.015,0,,44.052605,-123.070003,26,ManualPoint,Tmarie
134,0.022,0,,44.052459,-123.069821,26,ManualPoint,Tmarie
134,0.019,0,,44.052405,-123.069596,26,ManualPoint,Tmarie
134,0.017,0,,44.05232,-123.069424,26,ManualPoint,Tmarie
134,0.025,0,,44.052166,-123.069188,26,ManualPoint,Tmarie
134,0.019,0,,44.052143,-123.068952,26,ManualPoint,Tmarie
134,0.03,0,,44.05205,-123.068598,26,ManualPoint,Tmarie
134,0.025,0,,44.051927,-123.06834,26,ManualPoint,Tmarie
134,0.022,0,,44.05185,-123.068094,26,ManualPoint,Tmarie
133,0.026,0,,44.051857,-123.067772,26,ManualPoint,Tmarie
133,0.024,0,,44.051773,-123.067493,26,ManualPoint,Tmarie
133,0.071,0,,44.05151,-123.066677,26,ManualPoint,Tmarie
133,0.062,0,,44.051217,-123.066023,26,ManualPoint,Tmarie
134,0.064,0,,44.050893,-123.065358,26,ManualPoint,Tmarie
134,0.07,0,,44.050608,-123.064575,26,ManualPoint,Tmarie
133,0.03,0,,44.050469,-123.064253,26,ManualPoint,Tmarie
132,0.012,0,,44.050431,-123.064113,26,ManualPoint,Tmarie
132,0.02,0,,44.050284,-123.063963,26,ManualPoint,Tmarie
132,0.024,0,,44.050161,-123.063716,26,ManualPoint,Tmarie
130,0.035,0,,44.049968,-123.063373,26,ManualPoint,Tmarie
130,0.035,0,,44.049868,-123.062955,26,ManualPoint,Tmarie
128,0.027,0,,44.049768,-123.062643,26,ManualPoint,Tmarie
127,0.035,0,,44.049536,-123.062343,26,ManualPoint,Tmarie
127,0.024,0,,44.04939,-123.062128,26,ManualPoint,Tmarie
128,0.022,0,,44.04932,-123.061871,26,ManualPoint,Tmarie
128,0.028,0,,44.049212,-123.061549,26,ManualPoint,Tmarie
128,0.03,0,,44.049043,-123.061259,26,ManualPoint,Tmarie
130,0.028,0,,44.048896,-123.06097,26,ManualPoint,Tmarie
130,0.018,0,,44.048819,-123.060766,26,ManualPoint,Tmarie
129,0.023,0,,44.048765,-123.060487,26,ManualPoint,Tmarie
129,0.022,0,,44.048626,-123.060283,26,ManualPoint,Tmarie
129,0.036,0,,44.048464,-123.059897,26,ManualPoint,Tmarie
129,0.034,0,,44.048364,-123.0595,26,ManualPoint,Tmarie
129,0.018,0,,44.048256,-123.059328,26,ManualPoint,Tmarie
129,0.03,0,,44.048071,-123.059049,26,ManualPoint,Tmarie
126,0.03,0,,44.047886,-123.05877,26,ManualPoint,Tmarie
128,0.03,0,,44.047747,-123.058448,26,ManualPoint,Tmarie
128,0.032,0,,44.047616,-123.058094,26,ManualPoint,Tmarie
130,0.035,0,,44.047447,-123.057719,26,ManualPoint,Tmarie
130,0.02,0,,44.0473,-123.057569,26,ManualPoint,Tmarie
130,0.032,0,,44.047161,-123.057215,26,ManualPoint,Tmarie
128,0.033,0,,44.047015,-123.056861,26,ManualPoint,Tmarie
128,0.026,0,,44.046914,-123.05656,26,ManualPoint,Tmarie
128,0.03,0,,44.046768,-123.056238,26,ManualPoint,Tmarie
128,0.025,0,,44.046668,-123.055959,26,ManualPoint,Tmarie
128,0.015,0,,44.04666,-123.055766,26,ManualPoint,Tmarie
130,0.043,0,,44.046444,-123.055326,26,ManualPoint,Tmarie
130,0.023,0,,44.046413,-123.055047,26,ManualPoint,Tmarie
130,0.023,0,,44.046313,-123.054801,26,ManualPoint,Tmarie
131,0.045,0,,44.046112,-123.054307,26,ManualPoint,Tmarie
131,0.04,0,,44.04602,-123.053824,26,ManualPoint,Tmarie
131,0.037,0,,44.045935,-123.053374,26,ManualPoint,Tmarie
131,0.031,0,,44.045935,-123.052987,26,ManualPoint,Tmarie
128,0.032,0,,44.046066,-123.052633,26,ManualPoint,Tmarie
128,0.036,0,,44.046228,-123.052236,26,ManualPoint,Tmarie
130,0.012,0,,44.04629,-123.052118,26,ManualPoint,Tmarie
130,0.021,0,,44.046444,-123.052269,26,ManualPoint,Tmarie
130,0.02,0,,44.046483,-123.052515,26,ManualPoint,Tmarie
130,0.029,0,,44.04649,-123.05288,26,ManualPoint,Tmarie
130,0.021,0,,44.046529,-123.053138,26,ManualPoint,Tmarie
130,0.06,0,,44.047038,-123.052891,26,ManualPoint,Tmarie
131,0.057,0,,44.047524,-123.052676,26,ManualPoint,Tmarie
131,0.053,0,,44.047963,-123.052408,26,ManualPoint,Tmarie
131,0.035,0,,44.048225,-123.052161,26,ManualPoint,Tmarie
133,0.059,0,,44.048503,-123.051539,26,ManualPoint,Tmarie
133,0.019,0,,44.048626,-123.051711,26,ManualPoint,Tmarie
133,0.025,0,,44.048781,-123.051947,26,ManualPoint,Tmarie
128,0.052,0,,44.04922,-123.052183,26,ManualPoint,Tmarie
128,0.053,0,,44.049675,-123.052365,26,ManualPoint,Tmarie
128,0.06,0,,44.050184,-123.052612,26,ManualPoint,Tmarie
129,0.037,0,,44.050439,-123.052902,26,ManualPoint,Tmarie
129,0.062,0,,44.05087,-123.053395,26,ManualPoint,Tmarie
129,0.044,0,,44.051079,-123.053856,26,ManualPoint,Tmarie
129,0.071,0,,44.051225,-123.054725,26,ManualPoint,Tmarie
131,0.083,0,,44.051372,-123.055745,26,ManualPoint,Tmarie
130,0.065,0,,44.05151,-123.056539,26,ManualPoint,Tmarie
131,0.056,0,,44.051518,-123.057236,26,ManualPoint,Tmarie
131,0.078,0,,44.05148,-123.058212,26,ManualPoint,Tmarie
130,0.058,0,,44.051472,-123.058942,26,ManualPoint,Tmarie
130,0.019,0,,44.051526,-123.059167,26,ManualPoint,Tmarie
131,0.045,0,,44.051742,-123.059639,26,ManualPoint,Tmarie
131,0.047,0,,44.051988,-123.060111,26,ManualPoint,Tmarie
129,0.033,0,,44.05212,-123.060476,26,ManualPoint,Tmarie
131,0.032,0,,44.052197,-123.060862,26,ManualPoint,Tmarie
131,0.044,0,,44.052204,-123.06141,26,ManualPoint,Tmarie
130,0.059,0,,44.052066,-123.062118,26,ManualPoint,Tmarie
130,0.03,0,,44.051796,-123.062182,26,ManualPoint,Tmarie
130,0.046,0,,44.051379,-123.062193,26,ManualPoint,Tmarie
130,0.043,0,,44.050994,-123.062203,26,ManualPoint,Tmarie
130,0.027,0,,44.050755,-123.062214,26,ManualPoint,Tmarie
130,0.027,0,,44.050508,-123.062214,26,ManualPoint,Tmarie
128,0.022,0,,44.050323,-123.062311,26,ManualPoint,Tmarie
128,0.024,0,,44.050269,-123.0626,26,ManualPoint,Tmarie
130,0.031,0,,44.050253,-123.062987,26,ManualPoint,Tmarie
130,0.032,0,,44.050292,-123.063384,26,ManualPoint,Tmarie
132,0.049,0,,44.050408,-123.063974,26,ManualPoint,Tmarie
134,0.081,0,,44.050762,-123.064854,26,ManualPoint,Tmarie
133,0.062,0,,44.051025,-123.06554,26,ManualPoint,Tmarie
131,0.064,0,,44.051348,-123.066205,26,ManualPoint,Tmarie
133,0.066,0,,44.051665,-123.066903,26,ManualPoint,Tmarie
133,0.059,0,,44.051873,-123.067579,26,ManualPoint,Tmarie
134,0.028,0,,44.051888,-123.067933,26,ManualPoint,Tmarie
134,0.025,0,,44.051927,-123.068244,26,ManualPoint,Tmarie
134,0.025,0,,44.05205,-123.068501,26,ManualPoint,Tmarie
134,0.048,0,,44.052204,-123.069059,26,ManualPoint,Tmarie
134,0.02,0,,44.052274,-123.069295,26,ManualPoint,Tmarie
134,0.04,0,,44.05249,-123.069692,26,ManualPoint,Tmarie
134,0.024,0,,44.052644,-123.069907,26,ManualPoint,Tmarie
134,0.017,0,,44.052659,-123.070121,26,ManualPoint,Tmarie
134,0.017,0,,44.052605,-123.070325,26,ManualPoint,Tmarie
134,0.012,0,,44.052682,-123.070422,26,ManualPoint,Tmarie
134,0.017,0,,44.052775,-123.070593,26,ManualPoint,Tmarie
134,0.012,0,,44.052806,-123.070733,26,ManualPoint,Tmarie
134,0.017,0,,44.052675,-123.07084,26,ManualPoint,Tmarie
134,0.022,0,,44.052482,-123.070872,26,ManualPoint,Tmarie
134,0.028,0,,44.052251,-123.071012,26,ManualPoint,Tmarie
132,0.02,0,,44.052081,-123.071076,26,ManualPoint,Tmarie
130,0.044,0,,44.051703,-123.071259,26,ManualPoint,Tmarie
127,0.057,0,,44.051225,-123.071505,26,ManualPoint,Tmarie
127,0.046,0,,44.050824,-123.071656,26,ManualPoint,Tmarie
127,0.011,0,,44.050739,-123.07172,26,ManualPoint,Tmarie
127,0.035,0,,44.050439,-123.071859,26,ManualPoint,Tmarie
127,0.027,0,,44.050199,-123.071849,26,ManualPoint,Tmarie
127,0.026,0,,44.050053,-123.071602,26,ManualPoint,Tmarie
127,0.015,0,,44.050076,-123.07142,26,ManualPoint,Tmarie
127,0.012,0,,44.049976,-123.071377,26,ManualPoint,Tmarie
127,0.032,0,,44.049822,-123.07172,26,ManualPoint,Tmarie
129,0.035,0,,44.049621,-123.072053,26,ManualPoint,Tmarie
131,0.042,0,,44.049613,-123.072578,26,ManualPoint,Tmarie
130,0.034,0,,44.049621,-123.073007,26,ManualPoint,Tmarie
130,0.031,0,,44.049637,-123.073394,26,ManualPoint,Tmarie
132,0.036,0,,44.049814,-123.073769,26,ManualPoint,Tmarie
132,0.035,0,,44.050045,-123.07407,26,ManualPoint,Tmarie
132,0.03,0,,44.05023,-123.074338,26,ManualPoint,Tmarie
133,0.034,0,,44.050323,-123.074745,26,ManualPoint,Tmarie
133,0.036,0,,44.050369,-123.075196,26,ManualPoint,Tmarie
130,0.03,0,,44.0505,-123.075518,26,ManualPoint,Tmarie
130,0.034,0,,44.050716,-123.075818,26,ManualPoint,Tmarie
130,0.031,0,,44.050932,-123.076054,26,ManualPoint,Tmarie
130,0.018,0,,44.050963,-123.07628,26,ManualPoint,Tmarie
130,0.035,0,,44.050963,-123.07672,26,ManualPoint,Tmarie
130,0.024,0,,44.050824,-123.076945,26,ManualPoint,Tmarie
132,0.021,0,,44.050654,-123.077074,26,ManualPoint,Tmarie
132,0.025,0,,44.050477,-123.077267,26,ManualPoint,Tmarie
131,0.015,0,,44.050415,-123.077428,26,ManualPoint,Tmarie
132,0.016,0,,44.050446,-123.077621,26,ManualPoint,Tmarie
132,0.034,0,,44.050755,-123.07761,26,ManualPoint,Tmarie
129,0.041,0,,44.05094,-123.07805,26,ManualPoint,Tmarie
129,0.041,0,,44.050832,-123.078543,26,ManualPoint,Tmarie
128,0.069,0,,44.051001,-123.07937,26,ManualPoint,Tmarie
130,0.076,0,,44.051233,-123.08026,26,ManualPoint,Tmarie
130,0.053,0,,44.051379,-123.080893,26,ManualPoint,Tmarie
132,0.088,0,,44.051826,-123.081805,26,ManualPoint,Tmarie
127,0.083,0,,44.052274,-123.082642,26,ManualPoint,Tmarie
130,0.044,0,,44.052536,-123.08306,26,ManualPoint,Tmarie
130,0.025,0,,44.052729,-123.083211,26,ManualPoint,Tmarie
130,0.083,0,,44.053407,-123.08364,26,ManualPoint,Tmarie
127,0.081,0,,44.054063,-123.08409,26,ManualPoint,Tmarie
127,0.04,0,,44.054386,-123.084305,26,ManualPoint,Tmarie
129,0.033,0,,44.054672,-123.084434,26,ManualPoint,Tmarie
129,0.059,0,,44.055204,-123.084444,26,ManualPoint,Tmarie
130,0.046,0,,44.055612,-123.084487,26,ManualPoint,Tmarie
130,0.04,0,,44.055975,-123.084455,26,ManualPoint,Tmarie
126,0.046,0,,44.056376,-123.084316,26,ManualPoint,Tmarie
126,0.034,0,,44.056676,-123.08423,26,ManualPoint,Tmarie
126,0.033,0,,44.056969,-123.084176,26,ManualPoint,Tmarie
131,0.027,0,,44.057208,-123.084251,26,ManualPoint,Tmarie
131,0.014,0,,44.057201,-123.084423,26,ManualPoint,Tmarie
135,0.02,0,,44.057309,-123.084616,26,ManualPoint,Tmarie
135,0.02,0,,44.057394,-123.084841,26,ManualPoint,Tmarie
135,0.019,0,,44.057255,-123.084981,26,ManualPoint,Tmarie
135,0.02,0,,44.057424,-123.085056,26,ManualPoint,Tmarie
135,0.037,0,,44.057748,-123.085152,26,ManualPoint,Tmarie
135,0.024,0,,44.057879,-123.085388,26,ManualPoint,Tmarie
135,0.025,0,,44.057864,-123.0857,26,ManualPoint,Tmarie
137,0.037,0,,44.058049,-123.086086,26,ManualPoint,Tmarie
138,0.047,0,,44.058288,-123.086569,26,ManualPoint,Tmarie
138,0.04,0,,44.058596,-123.086815,26,ManualPoint,Tmarie
137,0.026,0,,44.058766,-123.087041,26,ManualPoint,Tmarie
133,0.035,0,,44.058858,-123.087459,26,ManualPoint,Tmarie
136,0.066,0,,44.059105,-123.08821,26,ManualPoint,Tmarie
140,0.041,0,,44.059229,-123.088693,26,ManualPoint,Tmarie
140,0.058,0,,44.059498,-123.089315,26,ManualPoint,Tmarie
154,0.026,0,,44.059421,-123.089626,26,ManualPoint,Tmarie
154,0.015,0,,44.05939,-123.089809,26,ManualPoint,Tmarie
154,0.023,0,,44.059452,-123.090088,26,ManualPoint,Tmarie
154,0.021,0,,44.059568,-123.090302,26,ManualPoint,Tmarie
139,0.033,0,,44.05983,-123.090495,26,ManualPoint,Tmarie
139,0.034,0,,44.059969,-123.090871,26,ManualPoint,Tmarie
145,0.058,0,,44.060185,-123.091525,26,ManualPoint,Tmarie
134,0.06,0,,44.060447,-123.09218,26,ManualPoint,Tmarie
134,0.046,0,,44.060655,-123.092673,26,ManualPoint,Tmarie
134,0.054,0,,44.060824,-123.093306,26,ManualPoint,Tmarie
137,0.07,0,,44.060824,-123.094186,26,ManualPoint,Tmarie
137,0.028,0,,44.060971,-123.094476,26,ManualPoint,Tmarie
136,0.029,0,,44.06111,-123.094776,26,ManualPoint,Tmarie
131,0.035,0,,44.061302,-123.09512,26,ManualPoint,Tmarie
134,0.031,0,,44.061364,-123.095495,26,ManualPoint,Tmarie
134,0.046,0,,44.061565,-123.095999,26,ManualPoint,Tmarie
129,0.032,0,,44.061727,-123.096332,26,ManualPoint,Tmarie
129,0.043,0,,44.061888,-123.096825,26,ManualPoint,Tmarie
128,0.03,0,,44.061973,-123.097179,26,ManualPoint,Tmarie
128,0.051,0,,44.062104,-123.097791,26,ManualPoint,Tmarie
126,0.052,0,,44.062351,-123.098349,26,ManualPoint,Tmarie
128,0.057,0,,44.062575,-123.098993,26,ManualPoint,Tmarie
128,0.015,0,,44.062659,-123.099143,26,ManualPoint,Tmarie
128,0.026,0,,44.062644,-123.099465,26,ManualPoint,Tmarie
128,0.066,0,,44.062914,-123.100194,26,ManualPoint,Tmarie
129,0.063,0,,44.063184,-123.100892,26,ManualPoint,Tmarie
131,0.059,0,,44.063392,-123.101568,26,ManualPoint,Tmarie
131,0.023,0,,44.063399,-123.101857,26,ManualPoint,Tmarie
130,0.045,0,,44.0635,-123.102404,26,ManualPoint,Tmarie
130,0.053,0,,44.0637,-123.103005,26,ManualPoint,Tmarie
127,0.047,0,,44.063847,-123.103552,26,ManualPoint,Tmarie
127,0.025,0,,44.063924,-123.103853,26,ManualPoint,Tmarie
127,0.034,0,,44.064078,-123.104218,26,ManualPoint,Tmarie
128,0.03,0,,44.064093,-123.104593,26,ManualPoint,Tmarie
128,0.029,0,,44.064201,-123.104926,26,ManualPoint,Tmarie
129,0.047,0,,44.064155,-123.105505,26,ManualPoint,Tmarie
129,0.054,0,,44.064078,-123.10617,26,ManualPoint,Tmarie
130,0.035,0,,44.064078,-123.10661,26,ManualPoint,Tmarie
129,0.06,0,,44.06407,-123.107361,26,ManualPoint,Tmarie
127,0.051,0,,44.064032,-123.107994,26,ManualPoint,Tmarie
127,0.049,0,,44.064147,-123.108584,26,ManualPoint,Tmarie
129,0.043,0,,44.064248,-123.109099,26,ManualPoint,Tmarie
129,0.093,0,,44.064055,-123.110226,26,ManualPoint,Tmarie
130,0.034,0,,44.064271,-123.110526,26,ManualPoint,Tmarie
127,0.053,0,,44.064656,-123.110912,26,ManualPoint,Tmarie
126,0.054,0,,44.065026,-123.111352,26,ManualPoint,Tmarie
126,0.043,0,,44.065196,-123.111835,26,ManualPoint,Tmarie
126,0.032,0,,44.065481,-123.111899,26,ManualPoint,Tmarie
128,0.046,0,,44.065882,-123.11205,26,ManualPoint,Tmarie
128,0.034,0,,44.066167,-123.1122,26,ManualPoint,Tmarie
127,0.042,0,,44.066522,-123.112382,26,ManualPoint,Tmarie
128,0.055,0,,44.066869,-123.112865,26,ManualPoint,Tmarie
127,0.029,0,,44.067023,-123.112575,26,ManualPoint,Tmarie
123,0.06,0,,44.067385,-123.112017,26,ManualPoint,Tmarie
123,0.073,0,,44.06784,-123.111363,26,ManualPoint,Tmarie
126,0.038,0,,44.068071,-123.111009,26,ManualPoint,Tmarie
126,0.056,0,,44.067771,-123.11044,26,ManualPoint,Tmarie
129,0.043,0,,44.067524,-123.110022,26,ManualPoint,Tmarie
127,0.062,0,,44.067239,-123.109357,26,ManualPoint,Tmarie
125,0.042,0,,44.067038,-123.108906,26,ManualPoint,Tmarie
123,0.066,0,,44.066768,-123.108177,26,ManualPoint,Tmarie
130,0.09,0,,44.066437,-123.107147,26,ManualPoint,Tmarie
129,0.029,0,,44.066213,-123.106964,26,ManualPoint,Tmarie
129,0.038,0,,44.066044,-123.106546,26,ManualPoint,Tmarie
130,0.052,0,,44.065944,-123.105913,26,ManualPoint,Tmarie
128,0.059,0,,44.065689,-123.105258,26,ManualPoint,Tmarie
125,0.074,0,,44.065412,-123.104411,26,ManualPoint,Tmarie
125,0.04,0,,44.065265,-123.103949,26,ManualPoint,Tmarie
125,0.011,0,,44.06518,-123.103874,26,EndPoint,Tmarie
126,0,0,,44.068062,-123.110986,27,StartPoint,Tmarie
129,0.068,0,,44.067685,-123.110321,27,ManualPoint,Tmarie
125,0.122,0,,44.067091,-123.109034,27,ManualPoint,Tmarie
123,0.092,0,,44.066713,-123.108004,27,ManualPoint,Tmarie
130,0.075,0,,44.066428,-123.107156,27,ManualPoint,Tmarie
129,0.026,0,,44.066228,-123.106985,27,ManualPoint,Tmarie
129,0.019,0,,44.066135,-123.106791,27,ManualPoint,Tmarie
129,0.021,0,,44.066043,-123.106555,27,ManualPoint,Tmarie
129,0.026,0,,44.065989,-123.106234,27,ManualPoint,Tmarie
130,0.027,0,,44.065942,-123.105901,27,ManualPoint,Tmarie
128,0.094,0,,44.065557,-123.10486,27,ManualPoint,Tmarie
125,0.091,0,,44.065218,-123.10383,27,ManualPoint,Tmarie
126,0.117,0,,44.064763,-123.102511,27,ManualPoint,Tmarie
128,0.071,0,,44.064516,-123.101695,27,ManualPoint,Tmarie
128,0.044,0,,44.064362,-123.101191,27,ManualPoint,Tmarie
128,0.029,0,,44.06437,-123.100826,27,ManualPoint,Tmarie
128,0.074,0,,44.064131,-123.099957,27,ManualPoint,Tmarie
128,0.036,0,,44.06403,-123.099528,27,ManualPoint,Tmarie
122,0.048,0,,44.063791,-123.099034,27,ManualPoint,Tmarie
122,0.04,0,,44.063614,-123.098595,27,ManualPoint,Tmarie
122,0.046,0,,44.063491,-123.098047,27,ManualPoint,Tmarie
120,0.053,0,,44.063437,-123.097382,27,ManualPoint,Tmarie
125,0.055,0,,44.063383,-123.096696,27,ManualPoint,Tmarie
125,0.03,0,,44.063329,-123.096331,27,ManualPoint,Tmarie
128,0.082,0,,44.063044,-123.095387,27,ManualPoint,Tmarie
127,0.078,0,,44.062789,-123.094475,27,ManualPoint,Tmarie
128,0.081,0,,44.062535,-123.093531,27,ManualPoint,Tmarie
128,0.052,0,,44.062411,-123.092908,27,ManualPoint,Tmarie
128,0.072,0,,44.062273,-123.092029,27,ManualPoint,Tmarie
127,0.118,0,,44.06191,-123.090645,27,ManualPoint,Tmarie
127,0.114,0,,44.061517,-123.089325,27,ManualPoint,Tmarie
127,0.058,0,,44.061286,-123.08867,27,ManualPoint,Tmarie
131,0.066,0,,44.061001,-123.087952,27,ManualPoint,Tmarie
129,0.066,0,,44.060577,-123.087372,27,ManualPoint,Tmarie
130,0.051,0,,44.060284,-123.086879,27,ManualPoint,Tmarie
129,0.063,0,,44.060037,-123.086171,27,ManualPoint,Tmarie
127,0.087,0,,44.059582,-123.085291,27,ManualPoint,Tmarie
127,0.081,0,,44.059104,-123.084529,27,ManualPoint,Tmarie
127,0.024,0,,44.058942,-123.084336,27,ManualPoint,Tmarie
127,0.027,0,,44.058726,-123.084186,27,ManualPoint,Tmarie
127,0.051,0,,44.05841,-123.083724,27,ManualPoint,Tmarie
128,0.037,0,,44.058156,-123.083424,27,ManualPoint,Tmarie
129,0.045,0,,44.057778,-123.083209,27,ManualPoint,Tmarie
129,0.029,0,,44.057531,-123.083102,27,ManualPoint,Tmarie
129,0.036,0,,44.057223,-123.082963,27,ManualPoint,Tmarie
127,0.024,0,,44.057053,-123.08278,27,ManualPoint,Tmarie
127,0.014,0,,44.05693,-123.082748,27,ManualPoint,Tmarie
124,0.016,0,,44.056799,-123.082834,27,ManualPoint,Tmarie
124,0.013,0,,44.05676,-123.082984,27,ManualPoint,Tmarie
124,0.03,0,,44.05649,-123.083016,27,ManualPoint,Tmarie
127,0.1,0,,44.055588,-123.082963,27,ManualPoint,Tmarie
128,0.057,0,,44.055079,-123.082866,27,ManualPoint,Tmarie
127,0.063,0,,44.05457,-123.082534,27,ManualPoint,Tmarie
127,0.046,0,,44.054223,-123.082212,27,ManualPoint,Tmarie
128,0.038,0,,44.053984,-123.081868,27,ManualPoint,Tmarie
128,0.047,0,,44.053799,-123.081343,27,ManualPoint,Tmarie
130,0.033,0,,44.053691,-123.080956,27,ManualPoint,Tmarie
130,0.047,0,,44.053637,-123.080377,27,ManualPoint,Tmarie
133,0.043,0,,44.053568,-123.079851,27,ManualPoint,Tmarie
128,0.076,0,,44.053283,-123.078993,27,ManualPoint,Tmarie
127,0.036,0,,44.053098,-123.078617,27,ManualPoint,Tmarie
127,0.048,0,,44.052859,-123.078113,27,ManualPoint,Tmarie
127,0.02,0,,44.052859,-123.077866,27,ManualPoint,Tmarie
126,0.018,0,,44.052758,-123.077684,27,ManualPoint,Tmarie
126,0.023,0,,44.052581,-123.077534,27,ManualPoint,Tmarie
126,0.03,0,,44.05245,-123.077212,27,ManualPoint,Tmarie
124,0.019,0,,44.052442,-123.076976,27,ManualPoint,Tmarie
124,0.024,0,,44.052512,-123.076697,27,ManualPoint,Tmarie
124,0.018,0,,44.052527,-123.076472,27,ManualPoint,Tmarie
126,0.029,0,,44.052535,-123.076107,27,ManualPoint,Tmarie
126,0.025,0,,44.05265,-123.075839,27,ManualPoint,Tmarie
126,0.028,0,,44.052666,-123.075485,27,ManualPoint,Tmarie
128,0.029,0,,44.052805,-123.075184,27,ManualPoint,Tmarie
128,0.033,0,,44.052797,-123.074777,27,ManualPoint,Tmarie
127,0.035,0,,44.052828,-123.074337,27,ManualPoint,Tmarie
127,0.06,0,,44.052797,-123.073586,27,ManualPoint,Tmarie
127,0.029,0,,44.052797,-123.073221,27,ManualPoint,Tmarie
127,0.022,0,,44.052835,-123.072953,27,ManualPoint,Tmarie
131,0.016,0,,44.052828,-123.072749,27,ManualPoint,Tmarie
131,0.012,0,,44.052797,-123.072609,27,ManualPoint,Tmarie
131,0.022,0,,44.052874,-123.072352,27,ManualPoint,Tmarie
131,0.022,0,,44.052851,-123.072084,27,ManualPoint,Tmarie
134,0.027,0,,44.052704,-123.071815,27,ManualPoint,Tmarie
134,0.03,0,,44.052542,-123.071515,27,ManualPoint,Tmarie
134,0.031,0,,44.052458,-123.07115,27,ManualPoint,Tmarie
134,0.021,0,,44.052411,-123.070893,27,ManualPoint,Tmarie
134,0.017,0,,44.052504,-123.070721,27,ManualPoint,Tmarie
134,0.02,0,,44.052627,-123.070539,27,ManualPoint,Tmarie
134,0.017,0,,44.052535,-123.070367,27,ManualPoint,Tmarie
134,0.015,0,,44.052573,-123.070185,27,ManualPoint,Tmarie
134,0.017,0,,44.05255,-123.06997,27,ManualPoint,Tmarie
134,0.021,0,,44.052427,-123.069777,27,ManualPoint,Tmarie
134,0.025,0,,44.052357,-123.069477,27,ManualPoint,Tmarie
134,0.03,0,,44.052172,-123.069208,27,ManualPoint,Tmarie
134,0.017,0,,44.052149,-123.068994,27,ManualPoint,Tmarie
134,0.029,0,,44.052057,-123.068661,27,ManualPoint,Tmarie
134,0.028,0,,44.05191,-123.068382,27,ManualPoint,Tmarie
134,0.021,0,,44.051856,-123.068125,27,ManualPoint,Tmarie
134,0.019,0,,44.051833,-123.067889,27,ManualPoint,Tmarie
133,0.013,0,,44.051841,-123.067728,27,ManualPoint,Tmarie
133,0.033,0,,44.051733,-123.067341,27,ManualPoint,Tmarie
133,0.036,0,,44.051586,-123.066934,27,ManualPoint,Tmarie
133,0.052,0,,44.051339,-123.066387,27,ManualPoint,Tmarie
133,0.066,0,,44.051054,-123.065657,27,ManualPoint,Tmarie
134,0.074,0,,44.050715,-123.064863,27,ManualPoint,Tmarie
133,0.044,0,,44.05053,-123.06437,27,ManualPoint,Tmarie
133,0.024,0,,44.05046,-123.064091,27,ManualPoint,Tmarie
132,0.009,0,,44.050383,-123.064112,27,ManualPoint,Tmarie
132,0.031,0,,44.050214,-123.063812,27,ManualPoint,Tmarie
130,0.037,0,,44.050005,-123.063458,27,ManualPoint,Tmarie
130,0.025,0,,44.049897,-123.063179,27,ManualPoint,Tmarie
128,0.033,0,,44.04982,-123.062782,27,ManualPoint,Tmarie
128,0.026,0,,44.049689,-123.062513,27,ManualPoint,Tmarie
127,0.023,0,,44.049527,-123.062331,27,ManualPoint,Tmarie
127,0.025,0,,44.049358,-123.062127,27,ManualPoint,Tmarie
128,0.022,0,,44.049319,-123.061859,27,ManualPoint,Tmarie
128,0.022,0,,44.049242,-123.061602,27,ManualPoint,Tmarie
128,0.044,0,,44.049011,-123.061162,27,ManualPoint,Tmarie
130,0.029,0,,44.048864,-123.060861,27,ManualPoint,Tmarie
129,0.031,0,,44.048764,-123.060496,27,ManualPoint,Tmarie
129,0.028,0,,44.048602,-123.060228,27,ManualPoint,Tmarie
129,0.038,0,,44.048425,-123.059821,27,ManualPoint,Tmarie
129,0.034,0,,44.048309,-123.059424,27,ManualPoint,Tmarie
129,0.034,0,,44.048132,-123.05908,27,ManualPoint,Tmarie
126,0.042,0,,44.047862,-123.058715,27,ManualPoint,Tmarie
128,0.035,0,,44.047707,-123.05834,27,ManualPoint,Tmarie
130,0.043,0,,44.04753,-123.057857,27,ManualPoint,Tmarie
130,0.02,0,,44.047445,-123.057643,27,ManualPoint,Tmarie
130,0.017,0,,44.047306,-123.057568,27,ManualPoint,Tmarie
130,0.021,0,,44.047206,-123.057342,27,ManualPoint,Tmarie
130,0.016,0,,44.04716,-123.057149,27,ManualPoint,Tmarie
128,0.04,0,,44.046967,-123.056731,27,ManualPoint,Tmarie
128,0.017,0,,44.046905,-123.056538,27,ManualPoint,Tmarie
128,0.021,0,,44.046805,-123.056312,27,ManualPoint,Tmarie
128,0.036,0,,44.046666,-123.055905,27,ManualPoint,Tmarie
128,0.013,0,,44.046643,-123.055744,27,ManualPoint,Tmarie
130,0.034,0,,44.046489,-123.055379,27,ManualPoint,Tmarie
130,0.023,0,,44.046435,-123.0551,27,ManualPoint,Tmarie
130,0.023,0,,44.046335,-123.054853,27,ManualPoint,Tmarie
131,0.044,0,,44.046134,-123.054381,27,ManualPoint,Tmarie
131,0.055,0,,44.04598,-123.053727,27,ManualPoint,Tmarie
131,0.052,0,,44.045949,-123.053083,27,ManualPoint,Tmarie
128,0.041,0,,44.046065,-123.052589,27,ManualPoint,Tmarie
128,0.033,0,,44.046235,-123.052257,27,ManualPoint,Tmarie
130,0.017,0,,44.046296,-123.052064,27,ManualPoint,Tmarie
130,0.021,0,,44.046435,-123.052246,27,ManualPoint,Tmarie
130,0.037,0,,44.046489,-123.052697,27,ManualPoint,Tmarie
130,0.036,0,,44.046535,-123.053136,27,ManualPoint,Tmarie
130,0.041,0,,44.04689,-123.052986,27,ManualPoint,Tmarie
131,0.051,0,,44.04733,-123.052793,27,ManualPoint,Tmarie
131,0.052,0,,44.047761,-123.052546,27,ManualPoint,Tmarie
131,0.037,0,,44.04807,-123.052364,27,ManualPoint,Tmarie
131,0.035,0,,44.048278,-123.052042,27,ManualPoint,Tmarie
133,0.051,0,,44.048494,-123.051484,27,ManualPoint,Tmarie
133,0.029,0,,44.048641,-123.051785,27,ManualPoint,Tmarie
128,0.031,0,,44.048864,-123.052021,27,ManualPoint,Tmarie
128,0.069,0,,44.049458,-123.052257,27,ManualPoint,Tmarie
128,0.085,0,,44.050175,-123.052611,27,ManualPoint,Tmarie
129,0.064,0,,44.050622,-123.053115,27,ManualPoint,Tmarie
129,0.048,0,,44.050946,-123.053512,27,ManualPoint,Tmarie
129,0.035,0,,44.051085,-123.053898,27,ManualPoint,Tmarie
132,0.12,0,,44.051332,-123.055357,27,ManualPoint,Tmarie
130,0.096,0,,44.051532,-123.056527,27,ManualPoint,Tmarie
131,0.091,0,,44.051478,-123.057664,27,ManualPoint,Tmarie
130,0.1,0,,44.051463,-123.058919,27,ManualPoint,Tmarie
130,0.024,0,,44.051532,-123.059209,27,ManualPoint,Tmarie
131,0.058,0,,44.051825,-123.05981,27,ManualPoint,Tmarie
129,0.064,0,,44.052118,-123.060496,27,ManualPoint,Tmarie
131,0.026,0,,44.052172,-123.060818,27,ManualPoint,Tmarie
131,0.047,0,,44.052172,-123.061408,27,ManualPoint,Tmarie
128,0.027,0,,44.052141,-123.061741,27,ManualPoint,Tmarie
130,0.033,0,,44.052072,-123.062149,27,ManualPoint,Tmarie
130,0.032,0,,44.051787,-123.062213,27,ManualPoint,Tmarie
130,0.078,0,,44.051085,-123.062192,27,ManualPoint,Tmarie
130,0.042,0,,44.050707,-123.062213,27,ManualPoint,Tmarie
128,0.036,0,,44.050383,-123.062224,27,ManualPoint,Tmarie
128,0.021,0,,44.050283,-123.062449,27,ManualPoint,Tmarie
130,0.048,0,,44.050283,-123.06305,27,ManualPoint,Tmarie
130,0.033,0,,44.050322,-123.063458,27,ManualPoint,Tmarie
132,0.036,0,,44.050406,-123.063898,27,ManualPoint,Tmarie
134,0.112,0,,44.050792,-123.065196,27,ManualPoint,Tmarie
133,0.083,0,,44.051185,-123.066075,27,ManualPoint,Tmarie
133,0.099,0,,44.051625,-123.067159,27,ManualPoint,Tmarie
133,0.043,0,,44.051787,-123.067653,27,ManualPoint,Tmarie
134,0.03,0,,44.051787,-123.068028,27,ManualPoint,Tmarie
134,0.047,0,,44.051949,-123.068575,27,ManualPoint,Tmarie
134,0.03,0,,44.05208,-123.068908,27,ManualPoint,Tmarie
134,0.022,0,,44.052118,-123.069176,27,ManualPoint,Tmarie
134,0.029,0,,44.05228,-123.069466,27,ManualPoint,Tmarie
134,0.025,0,,44.052373,-123.069745,27,ManualPoint,Tmarie
134,0.032,0,,44.052527,-123.070077,27,ManualPoint,Tmarie
134,0.015,0,,44.052519,-123.07026,27,ManualPoint,Tmarie
134,0.018,0,,44.052542,-123.070485,27,ManualPoint,Tmarie
134,0.027,0,,44.052774,-123.070592,27,ManualPoint,Tmarie
134,0.012,0,,44.052805,-123.070743,27,ManualPoint,Tmarie
134,0.023,0,,44.052612,-123.07085,27,ManualPoint,Tmarie
132,0.063,0,,44.052072,-123.071075,27,ManualPoint,Tmarie
127,0.103,0,,44.051201,-123.071504,27,ManualPoint,Tmarie
127,0.062,0,,44.050669,-123.071719,27,ManualPoint,Tmarie
127,0.043,0,,44.050306,-123.07189,27,ManualPoint,Tmarie
127,0.018,0,,44.050152,-123.071826,27,ManualPoint,Tmarie
127,0.019,0,,44.050059,-123.071633,27,ManualPoint,Tmarie
127,0.02,0,,44.050075,-123.071386,27,ManualPoint,Tmarie
127,0.014,0,,44.049951,-123.071365,27,ManualPoint,Tmarie
127,0.029,0,,44.049828,-123.071687,27,ManualPoint,Tmarie
131,0.04,0,,44.049604,-123.072073,27,ManualPoint,Tmarie
131,0.028,0,,44.049612,-123.072427,27,ManualPoint,Tmarie
130,0.063,0,,44.049628,-123.07321,27,ManualPoint,Tmarie
132,0.039,0,,44.049743,-123.073671,27,ManualPoint,Tmarie
132,0.057,0,,44.050121,-123.074154,27,ManualPoint,Tmarie
133,0.04,0,,44.050306,-123.074583,27,ManualPoint,Tmarie
133,0.051,0,,44.050383,-123.075216,27,ManualPoint,Tmarie
130,0.035,0,,44.050553,-123.075592,27,ManualPoint,Tmarie
130,0.052,0,,44.050908,-123.076021,27,ManualPoint,Tmarie
130,0.026,0,,44.050969,-123.076332,27,ManualPoint,Tmarie
130,0.041,0,,44.050931,-123.076836,27,ManualPoint,Tmarie
132,0.035,0,,44.050669,-123.077073,27,ManualPoint,Tmarie
132,0.031,0,,44.050445,-123.077298,27,ManualPoint,Tmarie
131,0.021,0,,44.050414,-123.077555,27,ManualPoint,Tmarie
132,0.014,0,,44.050522,-123.077641,27,ManualPoint,Tmarie
132,0.03,0,,44.050792,-123.077641,27,ManualPoint,Tmarie
129,0.035,0,,44.050931,-123.078038,27,ManualPoint,Tmarie
129,0.04,0,,44.050823,-123.078521,27,ManualPoint,Tmarie
128,0.068,0,,44.050985,-123.079347,27,ManualPoint,Tmarie
130,0.09,0,,44.051262,-123.080398,27,ManualPoint,Tmarie
132,0.064,0,,44.051471,-123.081149,27,ManualPoint,Tmarie
132,0.076,0,,44.051872,-123.081922,27,ManualPoint,Tmarie
127,0.07,0,,44.052249,-123.08263,27,ManualPoint,Tmarie
130,0.042,0,,44.052504,-123.083016,27,ManualPoint,Tmarie
129,0.066,0,,44.05302,-123.083413,27,ManualPoint,Tmarie
130,0.092,0,,44.053776,-123.083885,27,ManualPoint,Tmarie
129,0.116,0,,44.054724,-123.084475,27,ManualPoint,Tmarie
129,0.036,0,,44.055048,-123.084454,27,ManualPoint,Tmarie
130,0.074,0,,44.055711,-123.084475,27,ManualPoint,Tmarie
130,0.036,0,,44.056035,-123.084433,27,ManualPoint,Tmarie
126,0.039,0,,44.056382,-123.084336,27,ManualPoint,Tmarie
126,0.037,0,,44.056698,-123.084196,27,ManualPoint,Tmarie
126,0.04,0,,44.057061,-123.084196,27,ManualPoint,Tmarie
131,0.019,0,,44.057223,-123.084282,27,ManualPoint,Tmarie
135,0.034,0,,44.057354,-123.084669,27,ManualPoint,Tmarie
135,0.028,0,,44.057554,-123.084872,27,ManualPoint,Tmarie
135,0.023,0,,44.057685,-123.085087,27,ManualPoint,Tmarie
135,0.027,0,,44.057847,-123.085344,27,ManualPoint,Tmarie
135,0.032,0,,44.057909,-123.085741,27,ManualPoint,Tmarie
137,0.035,0,,44.058048,-123.086138,27,ManualPoint,Tmarie
138,0.047,0,,44.058318,-123.086589,27,ManualPoint,Tmarie
138,0.042,0,,44.058649,-123.086846,27,ManualPoint,Tmarie
137,0.022,0,,44.058757,-123.087072,27,ManualPoint,Tmarie
133,0.032,0,,44.058842,-123.087458,27,ManualPoint,Tmarie
136,0.065,0,,44.059096,-123.088188,27,ManualPoint,Tmarie
136,0.039,0,,44.05922,-123.088638,27,ManualPoint,Tmarie
140,0.05,0,,44.059451,-123.089175,27,ManualPoint,Tmarie
140,0.023,0,,44.059482,-123.089454,27,ManualPoint,Tmarie
154,0.023,0,,44.059389,-123.089711,27,ManualPoint,Tmarie
154,0.022,0,,44.059412,-123.089979,27,ManualPoint,Tmarie
154,0.027,0,,44.059543,-123.090269,27,ManualPoint,Tmarie
139,0.034,0,,44.059813,-123.090473,27,ManualPoint,Tmarie
139,0.054,0,,44.060014,-123.091084,27,ManualPoint,Tmarie
145,0.073,0,,44.060345,-123.091868,27,ManualPoint,Tmarie
134,0.04,0,,44.060499,-123.092318,27,ManualPoint,Tmarie
134,0.032,0,,44.060677,-123.09264,27,ManualPoint,Tmarie
134,0.054,0,,44.060816,-123.093284,27,ManualPoint,Tmarie
137,0.036,0,,44.060816,-123.093734,27,ManualPoint,Tmarie
137,0.035,0,,44.060823,-123.094174,27,ManualPoint,Tmarie
137,0.025,0,,44.060954,-123.094432,27,ManualPoint,Tmarie
136,0.02,0,,44.061001,-123.094668,27,ManualPoint,Tmarie
136,0.033,0,,44.061216,-123.094957,27,ManualPoint,Tmarie
131,0.016,0,,44.061294,-123.095129,27,ManualPoint,Tmarie
134,0.053,0,,44.061479,-123.095741,27,ManualPoint,Tmarie
134,0.03,0,,44.061594,-123.096084,27,ManualPoint,Tmarie
134,0.013,0,,44.061671,-123.096213,27,ManualPoint,Tmarie
129,0.03,0,,44.061748,-123.096567,27,ManualPoint,Tmarie
129,0.031,0,,44.061918,-123.096878,27,ManualPoint,Tmarie
128,0.037,0,,44.06198,-123.097329,27,ManualPoint,Tmarie
126,0.055,0,,44.062165,-123.097962,27,ManualPoint,Tmarie
126,0.062,0,,44.062465,-123.098616,27,ManualPoint,Tmarie
128,0.042,0,,44.062627,-123.099088,27,ManualPoint,Tmarie
128,0.029,0,,44.062627,-123.099453,27,ManualPoint,Tmarie
128,0.038,0,,44.062797,-123.099871,27,ManualPoint,Tmarie
128,0.027,0,,44.062897,-123.100182,27,ManualPoint,Tmarie
129,0.038,0,,44.063051,-123.100601,27,ManualPoint,Tmarie
129,0.03,0,,44.06319,-123.100923,27,ManualPoint,Tmarie
131,0.045,0,,44.063383,-123.101416,27,ManualPoint,Tmarie
131,0.036,0,,44.063391,-123.101867,27,ManualPoint,Tmarie
130,0.029,0,,44.063444,-123.102221,27,ManualPoint,Tmarie
130,0.052,0,,44.063645,-123.102811,27,ManualPoint,Tmarie
127,0.035,0,,44.063815,-123.103187,27,ManualPoint,Tmarie
127,0.035,0,,44.06383,-123.103626,27,ManualPoint,Tmarie
127,0.027,0,,44.063922,-123.103938,27,ManualPoint,Tmarie
127,0.022,0,,44.064046,-123.104152,27,ManualPoint,Tmarie
128,0.036,0,,44.064108,-123.104592,27,ManualPoint,Tmarie
128,0.028,0,,44.064208,-123.104914,27,ManualPoint,Tmarie
129,0.052,0,,44.064154,-123.105558,27,ManualPoint,Tmarie
129,0.05,0,,44.064069,-123.106169,27,ManualPoint,Tmarie
130,0.031,0,,44.064084,-123.106555,27,ManualPoint,Tmarie
129,0.078,0,,44.06403,-123.107532,27,ManualPoint,Tmarie
127,0.055,0,,44.064046,-123.108218,27,ManualPoint,Tmarie
129,0.051,0,,44.064223,-123.108808,27,ManualPoint,Tmarie
129,0.027,0,,44.064231,-123.109141,27,ManualPoint,Tmarie
129,0.04,0,,44.064138,-123.109624,27,ManualPoint,Tmarie
129,0.027,0,,44.064077,-123.109956,27,ManualPoint,Tmarie
129,0.026,0,,44.064054,-123.110278,27,ManualPoint,Tmarie
130,0.044,0,,44.064362,-123.110622,27,ManualPoint,Tmarie
127,0.06,0,,44.064786,-123.111083,27,ManualPoint,Tmarie
126,0.035,0,,44.065025,-123.111373,27,ManualPoint,Tmarie
126,0.044,0,,44.065202,-123.111866,27,ManualPoint,Tmarie
126,0.041,0,,44.065572,-123.111931,27,ManualPoint,Tmarie
128,0.056,0,,44.06605,-123.112145,27,ManualPoint,Tmarie
127,0.038,0,,44.066366,-123.112317,27,ManualPoint,Tmarie
127,0.04,0,,44.066675,-123.112564,27,ManualPoint,Tmarie
128,0.033,0,,44.066875,-123.112864,27,ManualPoint,Tmarie
127,0.034,0,,44.067045,-123.11251,27,ManualPoint,Tmarie
123,0.047,0,,44.067338,-123.112091,27,ManualPoint,Tmarie
123,0.045,0,,44.067623,-123.111694,27,ManualPoint,Tmarie
123,0.037,0,,44.067831,-123.11134,27,ManualPoint,Tmarie
126,0.035,0,,44.068047,-123.111019,27,EndPoint,Tmarie
136,0,0,,44.056109,-123.094092,28,StartPoint,gypsydude
134,0.367910205,0,,44.05543,-123.089586,28,ManualPoint,gypsydude
131,0.390958247,0,,44.05543,-123.084693,28,ManualPoint,gypsydude
126,0.185632213,0,,44.057065,-123.084221,28,ManualPoint,gypsydude
135,0.124263419,0,,44.057774,-123.085423,28,ManualPoint,gypsydude
128,1.726631264,0,,44.064158,-123.105121,28,ManualPoint,gypsydude
130,0.151496245,0,,44.064035,-123.107009,28,ManualPoint,gypsydude
128,0.57441635,0,,44.066872,-123.113017,28,ManualPoint,gypsydude
124,0.303591865,0,,44.069462,-123.111816,28,ManualPoint,gypsydude
128,0.647370418,0,,44.066008,-123.105293,28,ManualPoint,gypsydude
128,0.958629119,0,,44.063171,-123.093963,28,ManualPoint,gypsydude
126,0.865114009,0,,44.059841,-123.084178,28,ManualPoint,gypsydude
132,0.308253102,0,,44.057497,-123.082118,28,ManualPoint,gypsydude
127,0.266348119,0,,44.055153,-123.081432,28,ManualPoint,gypsydude
131,0.891769783,0,,44.05503,-123.070274,28,ManualPoint,gypsydude
131,0.634167292,0,,44.051452,-123.064094,28,ManualPoint,gypsydude
130,0.890379519,0,,44.04701,-123.054824,28,ManualPoint,gypsydude
132,0.322927037,0,,44.046393,-123.050876,28,ManualPoint,gypsydude
135,0.25036986,0,,44.044172,-123.051391,28,ManualPoint,gypsydude
138,0.399541944,0,,44.045159,-123.056197,28,ManualPoint,gypsydude
130,0.847522911,0,,44.048861,-123.065467,28,ManualPoint,gypsydude
130,0.654078379,0,,44.049848,-123.073535,28,ManualPoint,gypsydude
132,0.573086996,0,,44.050835,-123.080573,28,ManualPoint,gypsydude
130,0.403477744,0,,44.052932,-123.084693,28,ManualPoint,gypsydude
133,0.380418458,0,,44.054413,-123.088985,28,ManualPoint,gypsydude
133,0.486549939,0,,44.056016,-123.09465,28,EndPoint,gypsydude
126,0,0,,44.068069,-123.111006,29,StartPoint,Tmarie
129,0.11,0,,44.067483,-123.109901,29,ManualPoint,Tmarie
125,0.106,0,,44.066974,-123.108774,29,ManualPoint,Tmarie
130,0.091,0,,44.066635,-123.107744,29,ManualPoint,Tmarie
130,0.053,0,,44.066434,-123.107143,29,ManualPoint,Tmarie
129,0.022,0,,44.066257,-123.107015,29,ManualPoint,Tmarie
129,0.016,0,,44.066165,-123.106854,29,ManualPoint,Tmarie
129,0.015,0,,44.066095,-123.106693,29,ManualPoint,Tmarie
129,0.016,0,,44.066018,-123.106521,29,ManualPoint,Tmarie
130,0.051,0,,44.065933,-123.105888,29,ManualPoint,Tmarie
128,0.104,0,,44.065502,-123.10474,29,ManualPoint,Tmarie
125,0.079,0,,44.065209,-123.103839,29,ManualPoint,Tmarie
126,0.094,0,,44.064839,-123.102777,29,ManualPoint,Tmarie
128,0.097,0,,44.064515,-123.10165,29,ManualPoint,Tmarie
128,0.042,0,,44.064361,-123.101167,29,ManualPoint,Tmarie
128,0.025,0,,44.064361,-123.100856,29,ManualPoint,Tmarie
128,0.075,0,,44.064145,-123.099966,29,ManualPoint,Tmarie
128,0.035,0,,44.064029,-123.099558,29,ManualPoint,Tmarie
126,0.034,0,,44.06386,-123.099204,29,ManualPoint,Tmarie
122,0.052,0,,44.063613,-123.098646,29,ManualPoint,Tmarie
120,0.073,0,,44.063459,-123.097756,29,ManualPoint,Tmarie
125,0.062,0,,44.06342,-123.096983,29,ManualPoint,Tmarie
125,0.048,0,,44.063351,-123.096393,29,ManualPoint,Tmarie
126,0.079,0,,44.063089,-123.09547,29,ManualPoint,Tmarie
130,0.058,0,,44.062888,-123.094795,29,ManualPoint,Tmarie
127,0.068,0,,44.062657,-123.094011,29,ManualPoint,Tmarie
128,0.065,0,,44.062464,-123.09325,29,ManualPoint,Tmarie
128,0.062,0,,44.062364,-123.092488,29,ManualPoint,Tmarie
127,0.052,0,,44.062241,-123.091866,29,ManualPoint,Tmarie
127,0.094,0,,44.06194,-123.090771,29,ManualPoint,Tmarie
128,0.097,0,,44.061616,-123.089645,29,ManualPoint,Tmarie
127,0.037,0,,44.061477,-123.089226,29,ManualPoint,Tmarie
131,0.064,0,,44.061231,-123.088497,29,ManualPoint,Tmarie
131,0.043,0,,44.061038,-123.088025,29,ManualPoint,Tmarie
129,0.056,0,,44.060691,-123.08751,29,ManualPoint,Tmarie
131,0.045,0,,44.060429,-123.087081,29,ManualPoint,Tmarie
130,0.025,0,,44.060267,-123.086855,29,ManualPoint,Tmarie
129,0.057,0,,44.060051,-123.086211,29,ManualPoint,Tmarie
127,0.087,0,,44.059588,-123.085332,29,ManualPoint,Tmarie
127,0.037,0,,44.05938,-123.084978,29,ManualPoint,Tmarie
127,0.043,0,,44.059133,-123.084559,29,ManualPoint,Tmarie
127,0.055,0,,44.058717,-123.084184,29,ManualPoint,Tmarie
127,0.035,0,,44.058494,-123.083883,29,ManualPoint,Tmarie
128,0.043,0,,44.058224,-123.083497,29,ManualPoint,Tmarie
129,0.038,0,,44.057915,-123.083304,29,ManualPoint,Tmarie
129,0.032,0,,44.057645,-123.083165,29,ManualPoint,Tmarie
129,0.02,0,,44.057723,-123.082939,29,ManualPoint,Tmarie
132,0.026,0,,44.057514,-123.082789,29,ManualPoint,Tmarie
132,0.03,0,,44.057245,-123.082746,29,ManualPoint,Tmarie
124,0.023,0,,44.057121,-123.082971,29,ManualPoint,Tmarie
126,0.074,0,,44.056836,-123.083808,29,ManualPoint,Tmarie
126,0.041,0,,44.056659,-123.084259,29,ManualPoint,Tmarie
132,0.035,0,,44.056558,-123.084677,29,ManualPoint,Tmarie
126,0.017,0,,44.056682,-123.084559,29,ManualPoint,Tmarie
126,0.017,0,,44.056813,-123.084452,29,ManualPoint,Tmarie
126,0.033,0,,44.057106,-123.084463,29,ManualPoint,Tmarie
131,0.014,0,,44.057214,-123.084366,29,ManualPoint,Tmarie
126,0.017,0,,44.057129,-123.084194,29,ManualPoint,Tmarie
126,0.025,0,,44.056905,-123.084162,29,ManualPoint,Tmarie
126,0.016,0,,44.056759,-123.084184,29,ManualPoint,Tmarie
126,0.048,0,,44.056342,-123.084323,29,ManualPoint,Tmarie
130,0.04,0,,44.055995,-123.084463,29,ManualPoint,Tmarie
129,0.071,0,,44.055355,-123.084495,29,ManualPoint,Tmarie
129,0.052,0,,44.054893,-123.084452,29,ManualPoint,Tmarie
127,0.073,0,,44.054261,-123.084227,29,ManualPoint,Tmarie
130,0.081,0,,44.053605,-123.083787,29,ManualPoint,Tmarie
129,0.064,0,,44.053081,-123.083443,29,ManualPoint,Tmarie
130,0.072,0,,44.05251,-123.083025,29,ManualPoint,Tmarie
132,0.081,0,,44.052032,-123.082253,29,ManualPoint,Tmarie
132,0.07,0,,44.051654,-123.081544,29,ManualPoint,Tmarie
130,0.04,0,,44.051462,-123.081126,29,ManualPoint,Tmarie
130,0.079,0,,44.051207,-123.080203,29,ManualPoint,Tmarie
128,0.088,0,,44.050937,-123.079173,29,ManualPoint,Tmarie
129,0.051,0,,44.050814,-123.078562,29,ManualPoint,Tmarie
129,0.026,0,,44.050868,-123.078251,29,ManualPoint,Tmarie
129,0.02,0,,44.050922,-123.078015,29,ManualPoint,Tmarie
132,0.036,0,,44.05076,-123.077628,29,ManualPoint,Tmarie
132,0.032,0,,44.050475,-123.077628,29,ManualPoint,Tmarie
131,0.02,0,,44.050397,-123.077403,29,ManualPoint,Tmarie
132,0.025,0,,44.050567,-123.077189,29,ManualPoint,Tmarie
130,0.034,0,,44.050822,-123.076963,29,ManualPoint,Tmarie
130,0.019,0,,44.050953,-123.076813,29,ManualPoint,Tmarie
130,0.058,0,,44.050929,-123.076083,29,ManualPoint,Tmarie
130,0.045,0,,44.050652,-123.075676,29,ManualPoint,Tmarie
133,0.035,0,,44.050421,-123.075375,29,ManualPoint,Tmarie
133,0.042,0,,44.050328,-123.07486,29,ManualPoint,Tmarie
132,0.031,0,,44.050274,-123.074485,29,ManualPoint,Tmarie
132,0.027,0,,44.050158,-123.074184,29,ManualPoint,Tmarie
132,0.045,0,,44.049835,-123.073852,29,ManualPoint,Tmarie
130,0.025,0,,44.049703,-123.073594,29,ManualPoint,Tmarie
130,0.027,0,,44.049626,-123.073273,29,ManualPoint,Tmarie
131,0.043,0,,44.04958,-123.072736,29,ManualPoint,Tmarie
129,0.052,0,,44.049626,-123.072092,29,ManualPoint,Tmarie
127,0.032,0,,44.049804,-123.07177,29,ManualPoint,Tmarie
127,0.036,0,,44.049935,-123.071363,29,ManualPoint,Tmarie
127,0.016,0,,44.050066,-123.071449,29,ManualPoint,Tmarie
127,0.015,0,,44.05005,-123.071631,29,ManualPoint,Tmarie
127,0.02,0,,44.050151,-123.071835,29,ManualPoint,Tmarie
127,0.015,0,,44.050274,-123.07191,29,ManualPoint,Tmarie
127,0.044,0,,44.050652,-123.071749,29,ManualPoint,Tmarie
130,0.095,0,,44.051469,-123.071384,29,ManualPoint,Tmarie
134,0.113,0,,44.052425,-123.070912,29,ManualPoint,Tmarie
134,0.036,0,,44.052742,-123.070794,29,ManualPoint,Tmarie
134,0.012,0,,44.052819,-123.070687,29,ManualPoint,Tmarie
134,0.007,0,,44.052803,-123.070601,29,ManualPoint,Tmarie
134,0.021,0,,44.052626,-123.070526,29,ManualPoint,Tmarie
134,0.015,0,,44.052526,-123.070408,29,ManualPoint,Tmarie
134,0.015,0,,44.052572,-123.070226,29,ManualPoint,Tmarie
134,0.017,0,,44.05258,-123.070011,29,ManualPoint,Tmarie
134,0.019,0,,44.052464,-123.069829,29,ManualPoint,Tmarie
134,0.016,0,,44.05241,-123.069646,29,ManualPoint,Tmarie
134,0.017,0,,44.052341,-123.069453,29,ManualPoint,Tmarie
134,0.024,0,,44.052194,-123.069228,29,ManualPoint,Tmarie
134,0.022,0,,44.052163,-123.06896,29,ManualPoint,Tmarie
134,0.028,0,,44.05204,-123.068648,29,ManualPoint,Tmarie
134,0.034,0,,44.051878,-123.068284,29,ManualPoint,Tmarie
134,0.024,0,,44.051809,-123.068005,29,ManualPoint,Tmarie
133,0.023,0,,44.051839,-123.067715,29,ManualPoint,Tmarie
133,0.057,0,,44.051631,-123.067061,29,ManualPoint,Tmarie
133,0.105,0,,44.051153,-123.065934,29,ManualPoint,Tmarie
134,0.101,0,,44.050714,-123.064829,29,ManualPoint,Tmarie
133,0.051,0,,44.050482,-123.064282,29,ManualPoint,Tmarie
133,0.015,0,,44.050444,-123.064099,29,ManualPoint,Tmarie
133,0.022,0,,44.050459,-123.064378,29,ManualPoint,Tmarie
134,0.057,0,,44.050737,-123.064979,29,ManualPoint,Tmarie
133,0.111,0,,44.051215,-123.066191,29,ManualPoint,Tmarie
133,0.076,0,,44.051562,-123.067018,29,ManualPoint,Tmarie
133,0.056,0,,44.051762,-123.067661,29,ManualPoint,Tmarie
134,0.018,0,,44.051778,-123.067887,29,ManualPoint,Tmarie
134,0.028,0,,44.051816,-123.06823,29,ManualPoint,Tmarie
134,0.036,0,,44.051978,-123.068616,29,ManualPoint,Tmarie
134,0.03,0,,44.052102,-123.068949,29,ManualPoint,Tmarie
134,0.02,0,,44.05214,-123.069196,29,ManualPoint,Tmarie
134,0.024,0,,44.052271,-123.069432,29,ManualPoint,Tmarie
134,0.033,0,,44.05241,-123.069796,29,ManualPoint,Tmarie
134,0.024,0,,44.052526,-123.070054,29,ManualPoint,Tmarie
134,0.007,0,,44.052526,-123.07014,29,ManualPoint,Tmarie
134,0.02,0,,44.052472,-123.070376,29,ManualPoint,Tmarie
134,0.018,0,,44.052549,-123.070569,29,ManualPoint,Tmarie
134,0.015,0,,44.052503,-123.070741,29,ManualPoint,Tmarie
134,0.013,0,,44.052402,-123.070816,29,ManualPoint,Tmarie
134,0.026,0,,44.052456,-123.071137,29,ManualPoint,Tmarie
134,0.034,0,,44.052572,-123.071534,29,ManualPoint,Tmarie
134,0.029,0,,44.052703,-123.071846,29,ManualPoint,Tmarie
131,0.02,0,,44.052842,-123.072007,29,ManualPoint,Tmarie
131,0.017,0,,44.052896,-123.0722,29,ManualPoint,Tmarie
131,0.015,0,,44.052888,-123.072393,29,ManualPoint,Tmarie
131,0.024,0,,44.052772,-123.07264,29,ManualPoint,Tmarie
127,0.021,0,,44.052865,-123.072876,29,ManualPoint,Tmarie
127,0.02,0,,44.052826,-123.073122,29,ManualPoint,Tmarie
127,0.046,0,,44.052803,-123.073691,29,ManualPoint,Tmarie
127,0.06,0,,44.052826,-123.074442,29,ManualPoint,Tmarie
128,0.027,0,,44.052811,-123.074775,29,ManualPoint,Tmarie
128,0.024,0,,44.052796,-123.075075,29,ManualPoint,Tmarie
128,0.022,0,,44.052765,-123.075343,29,ManualPoint,Tmarie
126,0.019,0,,44.05268,-123.075547,29,ManualPoint,Tmarie
126,0.02,0,,44.052641,-123.075794,29,ManualPoint,Tmarie
126,0.019,0,,44.052603,-123.076019,29,ManualPoint,Tmarie
124,0.026,0,,44.052533,-123.07633,29,ManualPoint,Tmarie
124,0.024,0,,44.052533,-123.076631,29,ManualPoint,Tmarie
124,0.027,0,,44.052441,-123.076942,29,ManualPoint,Tmarie
126,0.02,0,,44.052456,-123.077189,29,ManualPoint,Tmarie
126,0.026,0,,44.052557,-123.077489,29,ManualPoint,Tmarie
126,0.026,0,,44.052734,-123.077693,29,ManualPoint,Tmarie
127,0.02,0,,44.05285,-123.077886,29,ManualPoint,Tmarie
127,0.019,0,,44.052865,-123.078122,29,ManualPoint,Tmarie
127,0.042,0,,44.053065,-123.078562,29,ManualPoint,Tmarie
128,0.055,0,,44.053351,-123.07913,29,ManualPoint,Tmarie
133,0.054,0,,44.053543,-123.079753,29,ManualPoint,Tmarie
133,0.029,0,,44.053621,-123.080096,29,ManualPoint,Tmarie
130,0.039,0,,44.053651,-123.080579,29,ManualPoint,Tmarie
130,0.043,0,,44.053713,-123.081115,29,ManualPoint,Tmarie
128,0.045,0,,44.053906,-123.081609,29,ManualPoint,Tmarie
127,0.042,0,,44.054114,-123.082049,29,ManualPoint,Tmarie
127,0.053,0,,44.054484,-123.082467,29,ManualPoint,Tmarie
128,0.054,0,,44.054908,-123.0828,29,ManualPoint,Tmarie
128,0.059,0,,44.055425,-123.082961,29,ManualPoint,Tmarie
127,0.081,0,,44.056157,-123.082993,29,ManualPoint,Tmarie
124,0.047,0,,44.056581,-123.083036,29,ManualPoint,Tmarie
124,0.024,0,,44.05679,-123.082971,29,ManualPoint,Tmarie
124,0.013,0,,44.056813,-123.08281,29,ManualPoint,Tmarie
127,0.019,0,,44.056975,-123.082757,29,ManualPoint,Tmarie
124,0.015,0,,44.05709,-123.082853,29,ManualPoint,Tmarie
129,0.024,0,,44.057275,-123.083014,29,ManualPoint,Tmarie
129,0.034,0,,44.057568,-123.083122,29,ManualPoint,Tmarie
129,0.03,0,,44.057707,-123.0828,29,ManualPoint,Tmarie
132,0.031,0,,44.057437,-123.082703,29,ManualPoint,Tmarie
132,0.019,0,,44.057268,-123.08265,29,ManualPoint,Tmarie
124,0.046,0,,44.057013,-123.083111,29,ManualPoint,Tmarie
126,0.051,0,,44.056813,-123.08369,29,ManualPoint,Tmarie
126,0.041,0,,44.056659,-123.084152,29,ManualPoint,Tmarie
126,0.029,0,,44.056558,-123.084484,29,ManualPoint,Tmarie
132,0.023,0,,44.056543,-123.084774,29,ManualPoint,Tmarie
126,0.031,0,,44.056759,-123.084538,29,ManualPoint,Tmarie
126,0.028,0,,44.056982,-123.084388,29,ManualPoint,Tmarie
135,0.042,0,,44.057329,-123.084602,29,ManualPoint,Tmarie
135,0.015,0,,44.057414,-123.084742,29,ManualPoint,Tmarie
135,0.029,0,,44.057607,-123.084978,29,ManualPoint,Tmarie
135,0.022,0,,44.057738,-123.085182,29,ManualPoint,Tmarie
135,0.018,0,,44.057838,-123.085364,29,ManualPoint,Tmarie
135,0.031,0,,44.057892,-123.085739,29,ManualPoint,Tmarie
135,0.023,0,,44.057969,-123.086008,29,ManualPoint,Tmarie
138,0.035,0,,44.058185,-123.08633,29,ManualPoint,Tmarie
138,0.025,0,,44.058293,-123.086598,29,ManualPoint,Tmarie
138,0.037,0,,44.058586,-123.086823,29,ManualPoint,Tmarie
138,0.024,0,,44.058748,-123.087016,29,ManualPoint,Tmarie
133,0.034,0,,44.058841,-123.087424,29,ManualPoint,Tmarie
136,0.045,0,,44.059026,-123.087928,29,ManualPoint,Tmarie
136,0.05,0,,44.059195,-123.088507,29,ManualPoint,Tmarie
140,0.035,0,,44.059311,-123.088915,29,ManualPoint,Tmarie
140,0.034,0,,44.059488,-123.089258,29,ManualPoint,Tmarie
154,0.02,0,,44.059473,-123.089505,29,ManualPoint,Tmarie
154,0.022,0,,44.059372,-123.089741,29,ManualPoint,Tmarie
154,0.023,0,,44.059396,-123.090031,29,ManualPoint,Tmarie
154,0.025,0,,44.059542,-123.090267,29,ManualPoint,Tmarie
139,0.023,0,,44.059712,-123.090439,29,ManualPoint,Tmarie
139,0.019,0,,44.059866,-123.090535,29,ManualPoint,Tmarie
139,0.048,0,,44.060012,-123.091104,29,ManualPoint,Tmarie
145,0.067,0,,44.060305,-123.091833,29,ManualPoint,Tmarie
134,0.045,0,,44.060506,-123.092316,29,ManualPoint,Tmarie
134,0.034,0,,44.060668,-123.092681,29,ManualPoint,Tmarie
134,0.026,0,,44.060722,-123.093003,29,ManualPoint,Tmarie
134,0.028,0,,44.060814,-123.093325,29,ManualPoint,Tmarie
137,0.031,0,,44.060807,-123.093711,29,ManualPoint,Tmarie
137,0.036,0,,44.060822,-123.094162,29,ManualPoint,Tmarie
137,0.022,0,,44.06093,-123.094398,29,ManualPoint,Tmarie
136,0.022,0,,44.061015,-123.094644,29,ManualPoint,Tmarie
136,0.024,0,,44.061146,-123.09488,29,ManualPoint,Tmarie
131,0.033,0,,44.061308,-123.095224,29,ManualPoint,Tmarie
134,0.039,0,,44.061439,-123.095674,29,ManualPoint,Tmarie
134,0.024,0,,44.061539,-123.095943,29,ManualPoint,Tmarie
129,0.028,0,,44.061685,-123.096222,29,ManualPoint,Tmarie
129,0.026,0,,44.06177,-123.096522,29,ManualPoint,Tmarie
129,0.026,0,,44.061894,-123.096801,29,ManualPoint,Tmarie
128,0.032,0,,44.061955,-123.097198,29,ManualPoint,Tmarie
128,0.048,0,,44.062079,-123.097777,29,ManualPoint,Tmarie
126,0.037,0,,44.062241,-123.098185,29,ManualPoint,Tmarie
128,0.048,0,,44.06248,-123.098689,29,ManualPoint,Tmarie
128,0.044,0,,44.062634,-123.099193,29,ManualPoint,Tmarie
128,0.019,0,,44.062634,-123.099429,29,ManualPoint,Tmarie
128,0.041,0,,44.06278,-123.099901,29,ManualPoint,Tmarie
128,0.028,0,,44.06288,-123.100223,29,ManualPoint,Tmarie
129,0.031,0,,44.063042,-123.100545,29,ManualPoint,Tmarie
129,0.017,0,,44.063143,-123.100706,29,ManualPoint,Tmarie
129,0.02,0,,44.063212,-123.100942,29,ManualPoint,Tmarie
131,0.036,0,,44.063351,-123.10135,29,ManualPoint,Tmarie
131,0.024,0,,44.063382,-123.10165,29,ManualPoint,Tmarie
130,0.034,0,,44.063412,-123.102079,29,ManualPoint,Tmarie
130,0.032,0,,44.063513,-123.102455,29,ManualPoint,Tmarie
130,0.033,0,,44.063644,-123.10283,29,ManualPoint,Tmarie
127,0.041,0,,44.063806,-123.103292,29,ManualPoint,Tmarie
127,0.029,0,,44.063844,-123.103646,29,ManualPoint,Tmarie
127,0.02,0,,44.063929,-123.10386,29,ManualPoint,Tmarie
127,0.019,0,,44.064021,-123.104064,29,ManualPoint,Tmarie
127,0.022,0,,44.064075,-123.104333,29,ManualPoint,Tmarie
127,0.019,0,,44.064091,-123.104569,29,ManualPoint,Tmarie
128,0.023,0,,44.064176,-123.104837,29,ManualPoint,Tmarie
128,0.025,0,,44.064206,-123.105148,29,ManualPoint,Tmarie
129,0.039,0,,44.064137,-123.105631,29,ManualPoint,Tmarie
129,0.044,0,,44.064068,-123.106167,29,ManualPoint,Tmarie
130,0.037,0,,44.064075,-123.106628,29,ManualPoint,Tmarie
129,0.053,0,,44.064045,-123.107294,29,ManualPoint,Tmarie
127,0.055,0,,44.064021,-123.10798,29,ManualPoint,Tmarie
127,0.054,0,,44.064145,-123.108635,29,ManualPoint,Tmarie
129,0.04,0,,44.064253,-123.109118,29,ManualPoint,Tmarie
129,0.027,0,,44.064191,-123.10945,29,ManualPoint,Tmarie
129,0.03,0,,44.064075,-123.109793,29,ManualPoint,Tmarie
129,0.038,0,,44.064037,-123.110266,29,EndPoint,Tmarie
132,0,0,,44.048254,-123.098794,30,StartPoint,Amondstien
128,0.611,0,,44.048266,-123.106444,30,ManualPoint,Amondstien
129,0.183,0,,44.046623,-123.106417,30,ManualPoint,Amondstien
133,0.485,0,,44.046631,-123.100344,30,ManualPoint,Amondstien
133,0.621,0,,44.04667,-123.09257,30,ManualPoint,Amondstien
133,0,0,,44.04667,-123.09257,30,TripPoint,Amondstien
133,0.113,0,,44.04664,-123.09116,30,TripPoint,Amondstien
133,0,0,,44.04664,-123.09116,30,TripPoint,Amondstien
133,0.12,0,,44.0466,-123.08966,30,TripPoint,Amondstien
138,0.601,0,,44.04658,-123.08214,30,ManualPoint,Amondstien
138,0,0,,44.04658,-123.08214,30,TripPoint,Amondstien
138,0.003,0,,44.04658,-123.0821,30,TripPoint,Amondstien
138,0,0,,44.04658,-123.0821,30,TripPoint,Amondstien
135,0.117,0,,44.04553,-123.08211,30,TripPoint,Amondstien
135,0,0,,44.04553,-123.08211,30,TripPoint,Amondstien
141,0.703,0,,44.04549,-123.07332,30,TripPoint,Amondstien
141,0,0,,44.04549,-123.07332,30,TripPoint,Amondstien
141,0.005,0,,44.04553,-123.07331,30,ManualPoint,Amondstien
141,0,0,,44.04553,-123.07331,30,TripPoint,Amondstien
141,0.033,0,,44.04583,-123.07328,30,TripPoint,Amondstien
141,0.012,0,,44.04594,-123.07331,30,TripPoint,Amondstien
141,0.021,0,,44.04612,-123.07323,30,TripPoint,Amondstien
142,0.016,0,,44.04626,-123.07328,30,TripPoint,Amondstien
142,0.02,0,,44.04644,-123.07324,30,TripPoint,Amondstien
142,0.046,0,,44.04685,-123.07335,30,TripPoint,Amondstien
142,0.009,0,,44.04692,-123.0733,30,TripPoint,Amondstien
142,0.013,0,,44.04696,-123.07315,30,TripPoint,Amondstien
142,0.018,0,,44.04712,-123.0731,30,TripPoint,Amondstien
142,0,0,,44.04712,-123.0731,30,TripPoint,Amondstien
135,0.027,0,,44.04735,-123.07301,30,TripPoint,Amondstien
134,0.029,0,,44.04743,-123.07266,30,TripPoint,Amondstien
134,0.007,0,,44.04749,-123.07262,30,TripPoint,Amondstien
132,0.111,0,,44.04849,-123.0726,30,TripPoint,Amondstien
132,0,0,,44.04849,-123.0726,30,TripPoint,Amondstien
134,0.096,0,,44.04852,-123.0714,30,TripPoint,Amondstien
134,0,0,,44.04852,-123.0714,30,TripPoint,Amondstien
131,0.056,0,,44.04902,-123.07139,30,ManualPoint,Amondstien
131,0,0,,44.04902,-123.07139,30,TripPoint,Amondstien
127,0.068,0,,44.04963,-123.07131,30,TripPoint,Amondstien
127,0.029,0,,44.04989,-123.07132,30,TripPoint,Amondstien
127,0.021,0,,44.05007,-123.0714,30,TripPoint,Amondstien
127,0,0,,44.05007,-123.0714,30,TripPoint,Amondstien
127,0.019,0,,44.05006,-123.07164,30,TripPoint,Amondstien
127,0.016,0,,44.05014,-123.07181,30,TripPoint,Amondstien
127,0.026,0,,44.05037,-123.07188,30,TripPoint,Amondstien
132,0.188,0,,44.05197,-123.07113,30,ManualPoint,Amondstien
132,0,0,,44.05197,-123.07113,30,TripPoint,Amondstien
134,0.053,0,,44.05242,-123.07092,30,ManualPoint,Amondstien
134,0.001,0,,44.05242,-123.07093,30,TripPoint,Amondstien
134,0.039,0,,44.05275,-123.07078,30,TripPoint,Amondstien
134,0.009,0,,44.05281,-123.0707,30,TripPoint,Amondstien
134,0.006,0,,44.0528,-123.07063,30,ManualPoint,Amondstien
134,0,0,,44.0528,-123.07063,30,TripPoint,Amondstien
134,0.003,0,,44.05279,-123.0706,30,TripPoint,Amondstien
134,0,0,,44.05279,-123.0706,30,TripPoint,Amondstien
134,0.028,0,,44.05256,-123.07046,30,TripPoint,Amondstien
134,0.032,0,,44.05258,-123.07006,30,ManualPoint,Amondstien
134,0,0,,44.05258,-123.07006,30,TripPoint,Amondstien
134,0.061,0,,44.0523,-123.0694,30,TripPoint,Amondstien
134,0.019,0,,44.05218,-123.06923,30,TripPoint,Amondstien
134,0.023,0,,44.05215,-123.06895,30,TripPoint,Amondstien
134,0.07,0,,44.05185,-123.06818,30,TripPoint,Amondstien
134,0.019,0,,44.05182,-123.06794,30,TripPoint,Amondstien
133,0.017,0,,44.05186,-123.06774,30,TripPoint,Amondstien
133,0.065,0,,44.05161,-123.067,30,TripPoint,Amondstien
133,0.249,0,,44.0505,-123.06429,30,TripPoint,Amondstien
130,0.078,0,,44.0503,-123.06336,30,TripPoint,Amondstien
128,0.047,0,,44.05027,-123.06277,30,TripPoint,Amondstien
128,0.031,0,,44.05031,-123.06238,30,ManualPoint,Amondstien
128,0,0,,44.05031,-123.06238,30,TripPoint,Amondstien
128,0.017,0,,44.05041,-123.06222,30,ManualPoint,Amondstien
130,0.07,0,,44.050106,-123.061449,30,ManualPoint,Amondstien
131,0.04,0,,44.049883,-123.06106,30,ManualPoint,Amondstien
130,0.051,0,,44.049505,-123.060698,30,ManualPoint,Amondstien
130,0.05,0,,44.049108,-123.060398,30,ManualPoint,Amondstien
129,0.075,0,,44.048757,-123.059601,30,ManualPoint,Amondstien
131,0.161,0,,44.048005,-123.057874,30,ManualPoint,Amondstien
131,0.127,0,,44.047411,-123.056517,30,ManualPoint,Amondstien
130,0.158,0,,44.046721,-123.054784,30,ManualPoint,Amondstien
130,0.055,0,,44.046505,-123.054159,30,ManualPoint,Amondstien
130,0.05,0,,44.046355,-123.053566,30,ManualPoint,Amondstien
128,0.07,0,,44.046208,-123.052708,30,ManualPoint,Amondstien
128,0.059,0,,44.04615,-123.051973,30,ManualPoint,Amondstien
128,0.001,0,,44.04615,-123.05198,30,TripPoint,Amondstien
129,0.01,0,,44.04624,-123.05195,30,TripPoint,Amondstien
130,0.03,0,,44.04639,-123.05164,30,TripPoint,Amondstien
130,0.059,0,,44.0468,-123.05118,30,TripPoint,Amondstien
137,0.062,0,,44.04732,-123.05089,30,TripPoint,Amondstien
137,0.047,0,,44.04774,-123.05085,30,ManualPoint,Amondstien
137,0,0,,44.04774,-123.05085,30,TripPoint,Amondstien
134,0.068,0,,44.04835,-123.05086,30,ManualPoint,Amondstien
133,0.026,0,,44.048414,-123.051174,30,ManualPoint,Amondstien
133,0.001,0,,44.04842,-123.05117,30,TripPoint,Amondstien
133,0.044,0,,44.04857,-123.05168,30,TripPoint,Amondstien
133,0.032,0,,44.04877,-123.05196,30,TripPoint,Amondstien
128,0.168,0,,44.0502,-123.05263,30,ManualPoint,Amondstien
129,0.029,0,,44.050449,-123.052756,30,ManualPoint,Amondstien
129,0.106,0,,44.051155,-123.053652,30,ManualPoint,Amondstien
130,0.045,0,,44.051328,-123.054162,30,ManualPoint,Amondstien
132,0.053,0,,44.051371,-123.054827,30,ManualPoint,Amondstien
131,0.095,0,,44.051594,-123.05598,30,ManualPoint,Amondstien
130,0.041,0,,44.051691,-123.056479,30,ManualPoint,Amondstien
131,0.048,0,,44.051675,-123.05708,30,ManualPoint,Amondstien
131,0.049,0,,44.051621,-123.057686,30,ManualPoint,Amondstien
131,0.053,0,,44.051552,-123.05834,30,ManualPoint,Amondstien
130,0.058,0,,44.051695,-123.059043,30,ManualPoint,Amondstien
130,0.032,0,,44.051795,-123.059419,30,ManualPoint,Amondstien
131,0.052,0,,44.05203,-123.059977,30,ManualPoint,Amondstien
131,0.038,0,,44.052169,-123.060411,30,ManualPoint,Amondstien
131,0.032,0,,44.052231,-123.060803,30,ManualPoint,Amondstien
131,0.044,0,,44.052261,-123.061355,30,ManualPoint,Amondstien
130,0.067,0,,44.052099,-123.062168,30,ManualPoint,Amondstien
130,0.079,0,,44.05139,-123.062208,30,ManualPoint,Amondstien
131,0.195,0,,44.051375,-123.064649,30,ManualPoint,Amondstien
131,0.022,0,,44.051452,-123.064901,30,ManualPoint,Amondstien
131,0.028,0,,44.051702,-123.064955,30,ManualPoint,Amondstien
131,0.021,0,,44.051887,-123.064998,30,ManualPoint,Amondstien
132,0.037,0,,44.052173,-123.064772,30,ManualPoint,Amondstien
132,0.022,0,,44.052365,-123.064826,30,ManualPoint,Amondstien
132,0.015,0,,44.052454,-123.064971,30,ManualPoint,Amondstien
132,0.036,0,,44.052535,-123.065405,30,ManualPoint,Amondstien
132,0.025,0,,44.052543,-123.065722,30,ManualPoint,Amondstien
132,0.012,0,,44.052543,-123.065872,30,ManualPoint,Amondstien
133,0.045,0,,44.052859,-123.066232,30,ManualPoint,Amondstien
131,0.059,0,,44.053198,-123.066806,30,ManualPoint,Amondstien
131,0.024,0,,44.053325,-123.067047,30,ManualPoint,Amondstien
131,0.054,0,,44.053773,-123.067299,30,ManualPoint,Amondstien
131,0.094,0,,44.054521,-123.067857,30,ManualPoint,Amondstien
131,0.044,0,,44.05474,-123.068313,30,ManualPoint,Amondstien
132,0.066,0,,44.055103,-123.068962,30,ManualPoint,Amondstien
132,0.023,0,,44.05528,-123.06911,30,ManualPoint,Amondstien
130,0.045,0,,44.055666,-123.069273,30,ManualPoint,Amondstien
130,0.022,0,,44.055855,-123.069356,30,ManualPoint,Amondstien
130,0.029,0,,44.056074,-123.069547,30,ManualPoint,Amondstien
132,0.041,0,,44.056394,-123.069284,30,ManualPoint,Amondstien
132,0.028,0,,44.056487,-123.069616,30,ManualPoint,Amondstien
132,0.014,0,,44.056502,-123.069793,30,ManualPoint,Amondstien
132,0.031,0,,44.05646,-123.070174,30,ManualPoint,Amondstien
130,0.017,0,,44.056402,-123.070367,30,ManualPoint,Amondstien
130,0.023,0,,44.056336,-123.070646,30,ManualPoint,Amondstien
130,0.015,0,,44.056298,-123.070823,30,ManualPoint,Amondstien
130,0.009,0,,44.056298,-123.070931,30,ManualPoint,Amondstien
133,0.031,0,,44.056194,-123.07129,30,ManualPoint,Amondstien
133,0.04,0,,44.05609,-123.071773,30,ManualPoint,Amondstien
130,0.036,0,,44.056043,-123.072218,30,ManualPoint,Amondstien
130,0.016,0,,44.056028,-123.072419,30,ManualPoint,Amondstien
130,0.026,0,,44.05607,-123.072739,30,ManualPoint,Amondstien
129,0.038,0,,44.056059,-123.073216,30,ManualPoint,Amondstien
129,0.03,0,,44.056059,-123.073592,30,ManualPoint,Amondstien
129,0.032,0,,44.056109,-123.073983,30,ManualPoint,Amondstien
129,0.04,0,,44.056201,-123.074461,30,ManualPoint,Amondstien
129,0.019,0,,44.056286,-123.074664,30,ManualPoint,Amondstien
129,0.043,0,,44.056664,-123.074782,30,ManualPoint,Amondstien
129,0.047,0,,44.057084,-123.074675,30,ManualPoint,Amondstien
128,0.041,0,,44.057443,-123.074815,30,ManualPoint,Amondstien
128,0.047,0,,44.05784,-123.075013,30,ManualPoint,Amondstien
129,0.067,0,,44.058407,-123.075313,30,ManualPoint,Amondstien
129,0.042,0,,44.058611,-123.075753,30,ManualPoint,Amondstien
129,0.032,0,,44.058653,-123.07615,30,ManualPoint,Amondstien
129,0.019,0,,44.058634,-123.076392,30,ManualPoint,Amondstien
129,0.023,0,,44.058569,-123.076671,30,ManualPoint,Amondstien
129,0.02,0,,44.058549,-123.076917,30,ManualPoint,Amondstien
128,0.019,0,,44.058441,-123.0771,30,ManualPoint,Amondstien
128,0.034,0,,44.058137,-123.077164,30,ManualPoint,Amondstien
128,0.038,0,,44.057932,-123.077545,30,ManualPoint,Amondstien
128,0.021,0,,44.057871,-123.077792,30,ManualPoint,Amondstien
127,0.017,0,,44.057774,-123.077953,30,ManualPoint,Amondstien
127,0.019,0,,44.057666,-123.07813,30,ManualPoint,Amondstien
127,0.013,0,,44.057566,-123.078216,30,ManualPoint,Amondstien
127,0.02,0,,44.057485,-123.078441,30,ManualPoint,Amondstien
127,0.021,0,,44.05742,-123.078682,30,ManualPoint,Amondstien
128,0.03,0,,44.057277,-123.078993,30,ManualPoint,Amondstien
129,0.078,0,,44.056641,-123.07939,30,ManualPoint,Amondstien
129,0.022,0,,44.056471,-123.079541,30,ManualPoint,Amondstien
129,0.025,0,,44.056375,-123.07983,30,ManualPoint,Amondstien
129,0.026,0,,44.05636,-123.080158,30,ManualPoint,Amondstien
129,0.02,0,,44.056379,-123.08041,30,ManualPoint,Amondstien
129,0.051,0,,44.056383,-123.081053,30,ManualPoint,Amondstien
127,0.012,0,,44.056321,-123.081182,30,ManualPoint,Amondstien
127,0.02,0,,44.05639,-123.081413,30,ManualPoint,Amondstien
127,0.001,0,,44.05639,-123.08143,30,TripPoint,Amondstien
127,0.006,0,,44.05644,-123.08145,30,TripPoint,Amondstien
127,0,0,,44.05644,-123.08145,30,TripPoint,Amondstien
127,0.066,0,,44.05628,-123.08224,30,TripPoint,Amondstien
127,0,0,,44.05628,-123.08224,30,TripPoint,Amondstien
127,0.067,0,,44.05677,-123.08273,30,ManualPoint,Amondstien
124,0.009,0,,44.056806,-123.082824,30,ManualPoint,Amondstien
127,0.022,0,,44.056998,-123.082749,30,ManualPoint,Amondstien
129,0.031,0,,44.057234,-123.082947,30,ManualPoint,Amondstien
129,0.058,0,,44.057727,-123.083199,30,ManualPoint,Amondstien
128,0.047,0,,44.058124,-123.083398,30,ManualPoint,Amondstien
128,0.028,0,,44.058332,-123.083591,30,ManualPoint,Amondstien
127,0.038,0,,44.058548,-123.083961,30,ManualPoint,Amondstien
127,0.068,0,,44.059045,-123.08446,30,ManualPoint,Amondstien
127,0.055,0,,44.059365,-123.08498,30,ManualPoint,Amondstien
130,0.13,0,,44.060067,-123.086279,30,ManualPoint,Amondstien
130,0.055,0,,44.060291,-123.08689,30,ManualPoint,Amondstien
129,0.058,0,,44.060626,-123.087448,30,ManualPoint,Amondstien
129,0.043,0,,44.060911,-123.087813,30,ManualPoint,Amondstien
131,0.038,0,,44.061108,-123.088205,30,ManualPoint,Amondstien
127,0.109,0,,44.06154,-123.089433,30,ManualPoint,Amondstien
127,0.001,0,,44.06155,-123.08943,30,TripPoint,Amondstien
129,0.176,0,,44.06214,-123.09148,30,ManualPoint,Amondstien
129,0,0,,44.06214,-123.09148,30,TripPoint,Amondstien
127,0.038,0,,44.06226,-123.09192,30,TripPoint,Amondstien
128,0.071,0,,44.06239,-123.09279,30,ManualPoint,Amondstien
128,0,0,,44.06239,-123.09279,30,TripPoint,Amondstien
127,0.076,0,,44.06257,-123.09371,30,TripPoint,Amondstien
126,0.186,0,,44.0632,-123.09586,30,ManualPoint,Amondstien
126,0,0,,44.0632,-123.09586,30,TripPoint,Amondstien
125,0.057,0,,44.06337,-123.09653,30,TripPoint,Amondstien
120,0.107,0,,44.06348,-123.09786,30,ManualPoint,Amondstien
120,0,0,,44.06348,-123.09786,30,TripPoint,Amondstien
122,0.059,0,,44.06361,-123.09858,30,TripPoint,Amondstien
128,0.095,0,,44.06405,-123.0996,30,TripPoint,Amondstien
128,0.05,0,,44.06419,-123.1002,30,ManualPoint,Amondstien
128,0.001,0,,44.0642,-123.1002,30,TripPoint,Amondstien
128,0.055,0,,44.06436,-123.10085,30,TripPoint,Amondstien
128,0.044,0,,44.06442,-123.10139,30,TripPoint,Amondstien
126,0.109,0,,44.06479,-123.10265,30,ManualPoint,Amondstien
126,0,0,,44.06479,-123.10265,30,TripPoint,Amondstien
128,0.214,0,,44.06562,-123.10506,30,ManualPoint,Amondstien
128,0,0,,44.06562,-123.10506,30,TripPoint,Amondstien
130,0.07,0,,44.06591,-123.10584,30,TripPoint,Amondstien
129,0.058,0,,44.06603,-123.10655,30,TripPoint,Amondstien
129,0.032,0,,44.06617,-123.1069,30,TripPoint,Amondstien
130,0.02,0,,44.0663,-123.10707,30,TripPoint,Amondstien
130,0.017,0,,44.06644,-123.10716,30,ManualPoint,Amondstien
130,0,0,,44.06644,-123.10716,30,TripPoint,Amondstien
125,0.165,0,,44.06708,-123.10903,30,TripPoint,Amondstien
129,0.108,0,,44.06761,-123.11016,30,TripPoint,Amondstien
126,0.082,0,,44.06806,-123.11098,30,ManualPoint,Amondstien
127,0.188,0,,44.066925,-123.11272,30,ManualPoint,Amondstien
127,0.027,0,,44.0667,-123.11258,30,ManualPoint,Amondstien
127,0,0,,44.0667,-123.11258,30,TripPoint,Amondstien
127,0.028,0,,44.06649,-123.11238,30,TripPoint,Amondstien
128,0.065,0,,44.06595,-123.11208,30,TripPoint,Amondstien
126,0.067,0,,44.06537,-123.11186,30,TripPoint,Amondstien
126,0.02,0,,44.06519,-123.11185,30,ManualPoint,Amondstien
126,0,0,,44.06519,-123.11185,30,TripPoint,Amondstien
126,0.041,0,,44.06503,-123.11139,30,TripPoint,Amondstien
127,0.03,0,,44.06484,-123.11113,30,TripPoint,Amondstien
130,0.085,0,,44.06422,-123.1105,30,TripPoint,Amondstien
129,0.024,0,,44.06407,-123.11028,30,TripPoint,Amondstien
129,0.018,0,,44.06405,-123.11006,30,TripPoint,Amondstien
129,0.075,0,,44.06424,-123.10916,30,TripPoint,Amondstien
127,0.049,0,,44.06415,-123.10856,30,ManualPoint,Amondstien
127,0,0,,44.06415,-123.10856,30,TripPoint,Amondstien
127,0.038,0,,44.06405,-123.1081,30,TripPoint,Amondstien
129,0.043,0,,44.06403,-123.10756,30,TripPoint,Amondstien
130,0.048,0,,44.06409,-123.10696,30,TripPoint,Amondstien
129,0.07,0,,44.06408,-123.10608,30,TripPoint,Amondstien
128,0.063,0,,44.06419,-123.10531,30,TripPoint,Amondstien
128,0.035,0,,44.06419,-123.10487,30,TripPoint,Amondstien
127,0.056,0,,44.06406,-123.10419,30,TripPoint,Amondstien
127,0.039,0,,44.06389,-123.10377,30,TripPoint,Amondstien
130,0.056,0,,44.06377,-123.10309,30,TripPoint,Amondstien
130,0.073,0,,44.06346,-123.10229,30,TripPoint,Amondstien
131,0.077,0,,44.06335,-123.10134,30,TripPoint,Amondstien
129,0.059,0,,44.06312,-123.10068,30,TripPoint,Amondstien
128,0.038,0,,44.06291,-123.10031,30,TripPoint,Amondstien
128,0.011,0,,44.0629,-123.10017,30,ManualPoint,Amondstien
128,0,0,,44.0629,-123.10017,30,TripPoint,Amondstien
128,0.139,0,,44.06165,-123.10021,30,TripPoint,Amondstien
127,0.032,0,,44.06141,-123.10042,30,TripPoint,Amondstien
130,0.298,0,,44.05873,-123.10039,30,TripPoint,Amondstien
130,0,0,,44.05873,-123.10039,30,TripPoint,Amondstien
128,0.007,0,,44.05873,-123.1003,30,ManualPoint,Amondstien
128,0,0,,44.05873,-123.1003,30,TripPoint,Amondstien
131,0.487,0,,44.05435,-123.10033,30,ManualPoint,Amondstien
131,0,0,,44.05435,-123.10033,30,TripPoint,Amondstien
131,0.123,0,,44.05435,-123.09879,30,ManualPoint,Amondstien
131,0,0,,44.05435,-123.09879,30,TripPoint,Amondstien
131,0.491,0,,44.04993,-123.09883,30,TripPoint,Amondstien
132,0.185,0,,44.04827,-123.0988,30,EndPoint,Amondstien